場所,年月日,曜日,馬番/仮番(出馬表モード時のみ),馬名,性別,年齢,調教師,Time1,Time2,Time3,Time4,Lap4,Lap3,Lap2,Lap1
栗東,20260616,火,,アークドール,牡,5,松永幹夫,68.0,49.8,32.6,16.2,18.2,17.2,16.4,16.2
栗東,20260617,水,,アークドール,牡,5,松永幹夫,55.0,39.8,26.0,13.2,15.2,13.8,12.8,13.2
栗東,20260616,火,,アーリーハーベスト,牝,3,小林真也,65.9,48.3,31.9,16.0,17.6,16.4,15.9,16.0
栗東,20260617,水,,アーリーハーベスト,牝,3,小林真也,56.0,40.9,26.8,13.3,15.1,14.1,13.5,13.3
栗東,20260619,金,,アーリーハーベスト,牝,3,小林真也,65.0,47.6,31.2,15.6,17.4,16.4,15.6,15.6
栗東,20260620,土,,アーリーハーベスト,牝,3,小林真也,67.7,49.7,33.2,16.3,18.0,16.5,16.9,16.3
栗東,20260616,火,,アイアン,牡,3,辻野泰之,59.6,43.8,29.3,14.7,15.8,14.5,14.6,14.7
栗東,20260617,水,,アイアン,牡,3,辻野泰之,54.4,39.3,25.4,12.6,15.1,13.9,12.8,12.6
栗東,20260619,金,,アイアン,牡,3,辻野泰之,61.9,44.7,29.4,14.9,17.2,15.3,14.5,14.9
栗東,20260620,土,,アイアン,牡,3,辻野泰之,62.2,45.6,30.1,15.1,16.6,15.5,15.0,15.1
美浦,20260616,火,,アイスブレイカー,牡,5,伊藤伸一,69.4,51.4,33.6,16.7,18.0,17.8,16.9,16.7
美浦,20260617,水,,アイスブレイカー,牡,5,伊藤伸一,72.5,53.7,35.2,17.5,18.8,18.5,17.7,17.5
美浦,20260619,金,,アイスブレイカー,牡,5,伊藤伸一,69.7,51.9,34.0,17.3,17.8,17.9,16.7,17.3
美浦,20260620,土,,アイスブレイカー,牡,5,伊藤伸一,68.6,50.7,32.6,16.0,17.9,18.1,16.6,16.0
栗東,20260616,火,,アカデミア,牡,4,杉山晴紀,66.6,49.0,32.5,16.0,17.6,16.5,16.5,16.0
栗東,20260617,水,,アカデミア,牡,4,杉山晴紀,53.5,39.2,25.6,12.4,14.3,13.6,13.2,12.4
栗東,20260619,金,,アカデミア,牡,4,杉山晴紀,66.3,48.8,31.9,15.6,17.5,16.9,16.3,15.6
栗東,20260620,土,,アカデミア,牡,4,杉山晴紀,68.7,49.8,32.0,15.6,18.9,17.8,16.4,15.6
美浦,20260616,火,,アクアマーズ,牡,3,浅利英明,64.9,47.5,30.5,15.1,17.4,17.0,15.4,15.1
美浦,20260617,水,,アクアマーズ,牡,3,浅利英明,64.7,47.1,29.8,14.4,17.6,17.3,15.4,14.4
美浦,20260620,土,,アクアマーズ,牡,3,浅利英明,67.7,49.5,33.1,16.2,18.2,16.4,16.9,16.2
美浦,20260616,火,,アクアマリーナ,牝,4,伊坂重信,64.5,47.6,31.0,15.3,16.9,16.6,15.7,15.3
美浦,20260617,水,,アクアマリーナ,牝,4,伊坂重信,53.9,38.9,25.1,12.3,15.0,13.8,12.8,12.3
美浦,20260619,金,,アクアマリーナ,牝,4,伊坂重信,63.7,46.9,30.3,14.5,16.8,16.6,15.8,14.5
美浦,20260616,火,,アスパラゴ,牝,3,田村康仁,70.4,51.2,33.5,16.4,19.2,17.7,17.1,16.4
美浦,20260616,火,,アスパラゴ,牝,3,田村康仁,69.0,50.2,32.3,15.5,18.8,17.9,16.8,15.5
美浦,20260619,金,,アスパラゴ,牝,3,田村康仁,70.2,51.8,33.8,16.5,18.4,18.0,17.3,16.5
美浦,20260619,金,,アスパラゴ,牝,3,田村康仁,69.9,50.9,32.4,15.2,19.0,18.5,17.2,15.2
美浦,20260620,土,,アスパラゴ,牝,3,田村康仁,70.2,50.6,32.5,15.0,19.6,18.1,17.5,15.0
美浦,20260616,火,,アトリウムチャペル,牝,5,浅利英明,72.4,51.9,33.1,16.0,20.5,18.8,17.1,16.0
美浦,20260619,金,,アトリウムチャペル,牝,5,浅利英明,63.8,46.0,30.3,15.0,17.8,15.7,15.3,15.0
栗東,20260616,火,,アパレイユ,牝,3,西園翔太,67.1,49.4,32.9,16.3,17.7,16.5,16.6,16.3
栗東,20260617,水,,アパレイユ,牝,3,西園翔太,54.2,39.1,25.0,12.0,15.1,14.1,13.0,12.0
栗東,20260619,金,,アパレイユ,牝,3,西園翔太,67.7,49.6,32.4,16.4,18.1,17.2,16.0,16.4
栗東,20260620,土,,アパレイユ,牝,3,西園翔太,68.9,50.9,33.7,17.0,18.0,17.2,16.7,17.0
美浦,20260616,火,,アラータス,牡,2,秋本大介,66.9,48.4,31.5,15.7,18.5,16.9,15.8,15.7
美浦,20260619,金,,アラータス,牡,2,秋本大介,65.9,48.7,32.0,15.8,17.2,16.7,16.2,15.8
美浦,20260620,土,,アラータス,牡,2,秋本大介,70.5,50.7,33.0,16.0,19.8,17.7,17.0,16.0
栗東,20260616,火,,アラビアンジョイ,牝,3,高橋一哉,66.1,48.6,31.5,15.7,17.5,17.1,15.8,15.7
栗東,20260617,水,,アラビアンジョイ,牝,3,高橋一哉,55.9,40.3,25.6,12.5,15.6,14.7,13.1,12.5
栗東,20260620,土,,アラビアンジョイ,牝,3,高橋一哉,69.7,51.0,33.3,16.4,18.7,17.7,16.9,16.4
美浦,20260620,土,,アルシミスト,セ,5,浅利英明,71.6,52.4,34.0,16.6,19.2,18.4,17.4,16.6
美浦,20260616,火,,アルプスオジョー,牝,5,手塚貴徳,64.0,46.8,30.5,15.1,17.2,16.3,15.4,15.1
美浦,20260619,金,,アルプスオジョー,牝,5,手塚貴徳,63.4,47.0,31.2,15.2,16.4,15.8,16.0,15.2
美浦,20260620,土,,アルプスオジョー,牝,5,手塚貴徳,69.5,51.0,33.6,16.6,18.5,17.4,17.0,16.6
栗東,20260616,火,,アレーティア,牝,4,田中克典,67.5,49.0,32.0,15.9,18.5,17.0,16.1,15.9
栗東,20260619,金,,アレーティア,牝,4,田中克典,63.4,46.7,30.8,15.2,16.7,15.9,15.6,15.2
栗東,20260620,土,,アレーティア,牝,4,田中克典,66.1,49.3,32.6,16.3,16.8,16.7,16.3,16.3
栗東,20260616,火,,アングランパ,セ,3,田中克典,64.6,47.7,31.4,15.5,16.9,16.3,15.9,15.5
栗東,20260619,金,,アングランパ,セ,3,田中克典,63.7,46.9,30.8,15.4,16.8,16.1,15.4,15.4
栗東,20260620,土,,アングランパ,セ,3,田中克典,68.5,51.9,34.6,16.9,16.6,17.3,17.7,16.9
美浦,20260616,火,,アンティミスト,牡,3,鈴木伸尋,68.1,49.6,32.4,16.0,18.5,17.2,16.4,16.0
美浦,20260619,金,,アンティミスト,牡,3,鈴木伸尋,70.8,51.5,33.8,16.8,19.3,17.7,17.0,16.8
美浦,20260620,土,,アンティミスト,牡,3,鈴木伸尋,70.6,51.6,33.5,16.8,19.0,18.1,16.7,16.8
美浦,20260616,火,,イサチルサリーレ,牡,2,竹内正洋,67.6,49.9,32.9,16.0,17.7,17.0,16.9,16.0
栗東,20260617,水,,インピッシュ,牝,4,中尾秀正,53.4,38.6,25.3,12.9,14.8,13.3,12.4,12.9
美浦,20260616,火,,ヴァルキリーバース,牝,4,田中博康,60.7,44.1,28.5,13.9,16.6,15.6,14.6,13.9
美浦,20260617,水,,ヴァルキリーバース,牝,4,田中博康,61.8,44.3,28.5,13.9,17.5,15.8,14.6,13.9
美浦,20260620,土,,ヴァルキリーバース,牝,4,田中博康,61.5,44.9,29.3,14.5,16.6,15.6,14.8,14.5
栗東,20260616,火,,ヴィヴェローネ,牝,2,高野友和,65.1,47.5,31.1,15.9,17.6,16.4,15.2,15.9
栗東,20260617,水,,ヴィヴェローネ,牝,2,高野友和,70.8,51.3,33.4,16.6,19.5,17.9,16.8,16.6
栗東,20260617,水,,ヴィヴェローネ,牝,2,高野友和,54.9,39.8,26.0,12.7,15.1,13.8,13.3,12.7
美浦,20260616,火,,ヴィクトリーマンボ,牝,3,大竹正博,67.8,50.0,32.4,16.1,17.8,17.6,16.3,16.1
美浦,20260620,土,,ヴィクトリーマンボ,牝,3,大竹正博,70.5,51.4,33.7,17.0,19.1,17.7,16.7,17.0
美浦,20260619,金,,ウインオーディン,牡,6,鹿戸雄一,59.0,43.4,28.9,15.1,15.6,14.5,13.8,15.1
栗東,20260616,火,,ウィンターダフネ,牝,6,橋田宜長,64.3,47.3,31.3,15.8,17.0,16.0,15.5,15.8
栗東,20260617,水,,ウィンターダフネ,牝,6,橋田宜長,54.4,39.9,26.1,12.9,14.5,13.8,13.2,12.9
栗東,20260619,金,,ウィンターダフネ,牝,6,橋田宜長,65.9,48.3,31.5,15.6,17.6,16.8,15.9,15.6
美浦,20260616,火,,ウインテラジーナ,牝,3,栗田徹,64.3,47.9,31.9,16.2,16.4,16.0,15.7,16.2
美浦,20260617,水,,ウインテラジーナ,牝,3,栗田徹,54.4,39.2,25.0,12.2,15.2,14.2,12.8,12.2
美浦,20260616,火,,ウインドオブヘヴン,牡,3,戸田博文,73.5,52.7,34.1,17.6,20.8,18.6,16.5,17.6
美浦,20260617,水,,ウインドオブヘヴン,牡,3,戸田博文,77.1,56.7,36.8,18.7,20.4,19.9,18.1,18.7
美浦,20260619,金,,ウインドオブヘヴン,牡,3,戸田博文,74.2,54.7,36.0,17.3,19.5,18.7,18.7,17.3
美浦,20260620,土,,ウインドオブヘヴン,牡,3,戸田博文,70.0,50.7,33.0,16.4,19.3,17.7,16.6,16.4
栗東,20260616,火,,ウイントワイライト,牝,4,西園翔太,67.3,50.2,33.4,16.7,17.1,16.8,16.7,16.7
栗東,20260617,水,,ウイントワイライト,牝,4,西園翔太,53.8,39.1,24.8,12.1,14.7,14.3,12.7,12.1
栗東,20260619,金,,ウイントワイライト,牝,4,西園翔太,68.0,50.1,33.2,16.5,17.9,16.9,16.7,16.5
美浦,20260617,水,,ヴェガリア,牝,3,栗田徹,53.9,38.5,24.6,12.2,15.4,13.9,12.4,12.2
美浦,20260616,火,,ヴェサリウス,牡,5,菊沢隆徳,67.4,49.9,32.5,16.0,17.5,17.4,16.5,16.0
美浦,20260617,水,,ヴェサリウス,牡,5,菊沢隆徳,55.0,40.4,25.8,12.5,14.6,14.6,13.3,12.5
美浦,20260616,火,,ウォーレーションズ,牡,3,鈴木慎太,64.4,47.2,30.8,15.3,17.2,16.4,15.5,15.3
美浦,20260619,金,,ウォーレーションズ,牡,3,鈴木慎太,72.3,51.6,33.1,16.2,20.7,18.5,16.9,16.2
美浦,20260620,土,,ウォーレーションズ,牡,3,鈴木慎太,73.0,51.8,32.9,15.6,21.2,18.9,17.3,15.6
美浦,20260617,水,,ウナギノボリ,牡,7,本間忍,54.7,39.6,25.7,12.7,15.1,13.9,13.0,12.7
栗東,20260616,火,,ウルトラハート,牡,3,中尾秀正,62.8,45.9,30.0,14.7,16.9,15.9,15.3,14.7
栗東,20260619,金,,ウルトラハート,牡,3,中尾秀正,69.5,51.5,34.3,17.1,18.0,17.2,17.2,17.1
栗東,20260620,土,,ウルトラハート,牡,3,中尾秀正,68.1,50.6,33.5,17.3,17.5,17.1,16.2,17.3
美浦,20260616,火,,ヴンダーバール,牝,3,斎藤誠,63.7,46.7,30.4,15.3,17.0,16.3,15.1,15.3
美浦,20260617,水,,ヴンダーバール,牝,3,斎藤誠,53.0,38.8,25.6,12.7,14.2,13.2,12.9,12.7
美浦,20260619,金,,ヴンダーバール,牝,3,斎藤誠,63.1,46.3,30.3,14.7,16.8,16.0,15.6,14.7
栗東,20260616,火,,エイシンウィスパー,牝,3,今野貞一,63.3,46.5,30.7,15.0,16.8,15.8,15.7,15.0
栗東,20260617,水,,エイシンウィスパー,牝,3,今野貞一,53.3,38.7,24.9,12.5,14.6,13.8,12.4,12.5
栗東,20260619,金,,エイシンウィスパー,牝,3,今野貞一,64.2,47.4,31.2,15.7,16.8,16.2,15.5,15.7
栗東,20260616,火,,エイシンマールス,牡,4,今野貞一,62.8,45.3,30.1,15.2,17.5,15.2,14.9,15.2
栗東,20260617,水,,エイシンマールス,牡,4,今野貞一,53.7,38.9,25.2,12.5,14.8,13.7,12.7,12.5
栗東,20260619,金,,エイシンマールス,牡,4,今野貞一,65.0,47.2,31.1,15.8,17.8,16.1,15.3,15.8
栗東,20260620,土,,エイシンマールス,牡,4,今野貞一,66.0,47.6,31.4,15.6,18.4,16.2,15.8,15.6
美浦,20260616,火,,エイミームーン,牝,4,矢野英一,64.7,47.4,30.9,15.4,17.3,16.5,15.5,15.4
美浦,20260617,水,,エイミームーン,牝,4,矢野英一,53.7,39.4,25.5,12.6,14.3,13.9,12.9,12.6
美浦,20260616,火,,エオリアンリッジ,牡,3,尾関知人,66.7,49.9,32.9,15.9,16.8,17.0,17.0,15.9
栗東,20260616,火,,エクスプロウド,セ,3,高橋一哉,63.6,47.1,31.9,16.1,16.5,15.2,15.8,16.1
栗東,20260617,水,,エクスプロウド,セ,3,高橋一哉,65.1,48.3,32.7,16.0,16.8,15.6,16.7,16.0
栗東,20260618,木,,エクスプロウド,セ,3,高橋一哉,53.7,38.5,25.0,12.5,15.2,13.5,12.5,12.5
栗東,20260620,土,,エクスプロウド,セ,3,高橋一哉,65.9,48.9,33.2,17.0,17.0,15.7,16.2,17.0
栗東,20260616,火,,エコテーラー,牝,5,石橋守,66.5,48.6,32.5,16.2,17.9,16.1,16.3,16.2
栗東,20260619,金,,エコテーラー,牝,5,石橋守,70.6,51.7,34.1,16.6,18.9,17.6,17.5,16.6
美浦,20260616,火,,エコロアルバ,牡,3,田村康仁,70.1,50.8,32.6,15.8,19.3,18.2,16.8,15.8
美浦,20260616,火,,エコロアルバ,牡,3,田村康仁,69.0,50.4,32.6,16.0,18.6,17.8,16.6,16.0
美浦,20260619,金,,エコロアルバ,牡,3,田村康仁,69.0,49.9,32.1,15.4,19.1,17.8,16.7,15.4
美浦,20260616,火,,エストゥペンダ,牝,4,高柳瑞樹,68.2,50.0,32.9,16.4,18.2,17.1,16.5,16.4
美浦,20260619,金,,エストゥペンダ,牝,4,高柳瑞樹,68.1,48.9,31.3,15.7,19.2,17.6,15.6,15.7
美浦,20260620,土,,エストゥペンダ,牝,4,高柳瑞樹,65.2,46.3,29.2,14.2,18.9,17.1,15.0,14.2
美浦,20260620,土,,エフエイト,牡,5,小野次郎,69.8,51.0,34.2,17.0,18.8,16.8,17.2,17.0
美浦,20260616,火,,エフォートレス,牡,5,嘉藤貴行,64.9,47.1,30.7,15.1,17.8,16.4,15.6,15.1
美浦,20260619,金,,エフォートレス,牡,5,嘉藤貴行,63.8,47.1,31.3,15.3,16.7,15.8,16.0,15.3
美浦,20260620,土,,エフォートレス,牡,5,嘉藤貴行,63.8,47.2,31.6,15.5,16.6,15.6,16.1,15.5
栗東,20260616,火,,エブリデイ,牡,3,北出成人,66.8,48.3,31.6,15.4,18.5,16.7,16.2,15.4
栗東,20260617,水,,エブリデイ,牡,3,北出成人,52.5,37.8,25.0,12.4,14.7,12.8,12.6,12.4
栗東,20260619,金,,エブリデイ,牡,3,北出成人,66.3,48.2,31.7,15.7,18.1,16.5,16.0,15.7
栗東,20260620,土,,エブリデイ,牡,3,北出成人,67.3,48.1,31.3,15.6,19.2,16.8,15.7,15.6
美浦,20260616,火,,エムアイブレイズ,牡,2,青木孝文,64.8,48.0,32.0,16.1,16.8,16.0,15.9,16.1
美浦,20260619,金,,エムアイブレイズ,牡,2,青木孝文,65.0,47.8,32.1,16.3,17.2,15.7,15.8,16.3
美浦,20260620,土,,エムアイブレイズ,牡,2,青木孝文,70.5,52.2,35.0,17.4,18.3,17.2,17.6,17.4
栗東,20260616,火,,エリカヴェネチア,牝,5,吉岡辰弥,62.4,45.7,29.2,14.3,16.7,16.5,14.9,14.3
栗東,20260617,水,,エリカヴェネチア,牝,5,吉岡辰弥,57.8,42.5,27.7,13.6,15.3,14.8,14.1,13.6
栗東,20260619,金,,エリカヴェネチア,牝,5,吉岡辰弥,63.5,46.5,29.8,14.4,17.0,16.7,15.4,14.4
栗東,20260620,土,,エリカヴェネチア,牝,5,吉岡辰弥,64.6,46.3,30.2,14.9,18.3,16.1,15.3,14.9
栗東,20260616,火,,エルトンバローズ,牡,6,杉山晴紀,67.8,49.9,32.7,16.4,17.9,17.2,16.3,16.4
栗東,20260617,水,,エルトンバローズ,牡,6,杉山晴紀,54.0,38.9,24.7,12.1,15.1,14.2,12.6,12.1
栗東,20260619,金,,エルトンバローズ,牡,6,杉山晴紀,67.6,51.2,34.0,16.6,16.4,17.2,17.4,16.6
栗東,20260620,土,,エルトンバローズ,牡,6,杉山晴紀,67.7,48.2,32.1,16.0,19.5,16.1,16.1,16.0
栗東,20260619,金,,エンマ,牡,4,武英智,66.3,47.3,31.1,15.5,19.0,16.2,15.6,15.5
栗東,20260620,土,,エンマ,牡,4,武英智,64.7,46.5,30.7,15.3,18.2,15.8,15.4,15.3
栗東,20260619,金,,オアシスアラン,牡,3,高柳大輔,66.3,48.0,31.1,15.5,18.3,16.9,15.6,15.5
栗東,20260620,土,,オアシスアラン,牡,3,高柳大輔,67.8,48.9,32.2,16.0,18.9,16.7,16.2,16.0
栗東,20260617,水,,オーケーエレガンス,牝,3,奥村豊,55.8,40.2,26.5,13.3,15.6,13.7,13.2,13.3
美浦,20260619,金,,オルグジェシダ,牝,4,宮田敬介,64.5,46.6,29.4,14.4,17.9,17.2,15.0,14.4
栗東,20260616,火,,オレンジフィールド,牝,3,北出成人,70.2,51.4,33.9,17.0,18.8,17.5,16.9,17.0
栗東,20260617,水,,オレンジフィールド,牝,3,北出成人,54.6,39.3,25.0,12.2,15.3,14.3,12.8,12.2
栗東,20260619,金,,オレンジフィールド,牝,3,北出成人,65.6,47.4,31.3,15.5,18.2,16.1,15.8,15.5
栗東,20260620,土,,オレンジフィールド,牝,3,北出成人,67.9,49.4,32.7,16.6,18.5,16.7,16.1,16.6
美浦,20260616,火,,カサビセンス,牝,4,新開幸一,67.9,49.6,32.4,16.0,18.3,17.2,16.4,16.0
美浦,20260617,水,,カサビセンス,牝,4,新開幸一,65.8,48.8,31.5,15.8,17.0,17.3,15.7,15.8
美浦,20260620,土,,カサビセンス,牝,4,新開幸一,60.5,45.3,30.1,15.3,15.2,15.2,14.8,15.3
栗東,20260616,火,,カズミクラーシュ,牡,5,吉岡辰弥,66.1,48.3,31.1,15.0,17.8,17.2,16.1,15.0
栗東,20260617,水,,カズミクラーシュ,牡,5,吉岡辰弥,57.5,42.7,28.0,14.1,14.8,14.7,13.9,14.1
栗東,20260619,金,,カズミクラーシュ,牡,5,吉岡辰弥,65.0,46.9,30.4,14.6,18.1,16.5,15.8,14.6
栗東,20260620,土,,カズミクラーシュ,牡,5,吉岡辰弥,68.1,48.9,30.5,14.2,19.2,18.4,16.3,14.2
美浦,20260616,火,,カフェタンガロア,牡,3,嘉藤貴行,65.1,48.1,32.0,15.7,17.0,16.1,16.3,15.7
美浦,20260620,土,,カフェタンガロア,牡,3,嘉藤貴行,65.1,47.9,31.9,15.5,17.2,16.0,16.4,15.5
栗東,20260616,火,,カフジマリボー,牡,3,中竹和也,70.0,51.2,33.8,17.3,18.8,17.4,16.5,17.3
栗東,20260617,水,,カフジマリボー,牡,3,中竹和也,73.3,54.8,36.2,18.4,18.5,18.6,17.8,18.4
栗東,20260618,木,,カフジマリボー,牡,3,中竹和也,55.8,41.3,26.7,13.1,14.5,14.6,13.6,13.1
栗東,20260616,火,,カフラー,牡,3,矢作芳人,67.3,48.9,32.0,15.7,18.4,16.9,16.3,15.7
栗東,20260617,水,,カフラー,牡,3,矢作芳人,53.9,39.6,26.2,13.4,14.3,13.4,12.8,13.4
栗東,20260619,金,,カフラー,牡,3,矢作芳人,64.4,46.9,30.2,14.7,17.5,16.7,15.5,14.7
栗東,20260620,土,,カフラー,牡,3,矢作芳人,64.8,46.2,29.8,14.3,18.6,16.4,15.5,14.3
栗東,20260616,火,,カリーニョ,牡,5,杉山晴紀,66.4,48.3,31.8,15.7,18.1,16.5,16.1,15.7
栗東,20260619,金,,カリーニョ,牡,5,杉山晴紀,71.8,52.7,35.4,17.4,19.1,17.3,18.0,17.4
栗東,20260620,土,,カリーニョ,牡,5,杉山晴紀,68.4,49.1,32.0,15.6,19.3,17.1,16.4,15.6
栗東,20260616,火,,カルロット,牡,3,武幸四郎,63.9,46.8,30.4,14.8,17.1,16.4,15.6,14.8
栗東,20260617,水,,カルロット,牡,3,武幸四郎,53.2,38.7,25.1,12.6,14.5,13.6,12.5,12.6
栗東,20260616,火,,キアヌ,牡,4,小崎憲,64.6,47.1,31.0,15.4,17.5,16.1,15.6,15.4
栗東,20260617,水,,キアヌ,牡,4,小崎憲,52.9,39.3,26.3,13.4,13.6,13.0,12.9,13.4
栗東,20260619,金,,キアヌ,牡,4,小崎憲,63.1,46.7,31.3,15.4,16.4,15.4,15.9,15.4
美浦,20260616,火,,キーチジャステン,牡,3,千葉直人,64.9,47.5,30.1,14.4,17.4,17.4,15.7,14.4
美浦,20260619,金,,キーチジャステン,牡,3,千葉直人,65.0,46.8,30.9,15.4,18.2,15.9,15.5,15.4
美浦,20260620,土,,キーチジャステン,牡,3,千葉直人,69.9,50.2,32.3,16.4,19.7,17.9,15.9,16.4
栗東,20260616,火,,キービート,牡,3,宮徹,69.4,50.8,33.9,16.8,18.6,16.9,17.1,16.8
栗東,20260617,水,,キービート,牡,3,宮徹,54.3,39.6,25.5,12.2,14.7,14.1,13.3,12.2
栗東,20260619,金,,キービート,牡,3,宮徹,63.3,47.1,31.2,15.4,16.2,15.9,15.8,15.4
栗東,20260616,火,,キープカルム,牡,5,中竹和也,67.6,48.9,31.9,15.9,18.7,17.0,16.0,15.9
栗東,20260617,水,,キープカルム,牡,5,中竹和也,53.2,39.1,25.6,12.6,14.1,13.5,13.0,12.6
栗東,20260620,土,,キープカルム,牡,5,中竹和也,64.5,45.9,29.2,14.3,18.6,16.7,14.9,14.3
栗東,20260619,金,,キタノシリウス,牡,3,坂口智康,70.0,51.3,32.9,15.3,18.7,18.4,17.6,15.3
栗東,20260620,土,,キタノシリウス,牡,3,坂口智康,71.8,52.9,33.7,15.7,18.9,19.2,18.0,15.7
栗東,20260616,火,,ギフテッドスペック,牡,3,小椋研介,67.7,48.3,31.7,15.6,19.4,16.6,16.1,15.6
栗東,20260617,水,,ギフテッドスペック,牡,3,小椋研介,54.7,39.6,25.6,12.6,15.1,14.0,13.0,12.6
栗東,20260619,金,,ギフテッドスペック,牡,3,小椋研介,65.9,49.5,32.0,15.8,16.4,17.5,16.2,15.8
美浦,20260617,水,,キャピタルストーン,牡,2,久保田貴,53.3,38.6,25.1,12.3,14.7,13.5,12.8,12.3
栗東,20260616,火,,キュールエフウジン,牡,7,中尾秀正,63.9,47.1,30.7,15.1,16.8,16.4,15.6,15.1
栗東,20260619,金,,キュールエフウジン,牡,7,中尾秀正,64.5,47.4,31.1,15.5,17.1,16.3,15.6,15.5
栗東,20260620,土,,キュールエフウジン,牡,7,中尾秀正,70.2,50.8,33.2,16.4,19.4,17.6,16.8,16.4
美浦,20260616,火,,キョウエイアート,セ,3,萱野浩二,66.9,49.4,32.3,16.4,17.5,17.1,15.9,16.4
美浦,20260619,金,,キョウエイアート,セ,3,萱野浩二,71.7,53.1,35.3,17.4,18.6,17.8,17.9,17.4
美浦,20260620,土,,キョウエイアート,セ,3,萱野浩二,68.8,51.0,33.6,17.1,17.8,17.4,16.5,17.1
美浦,20260616,火,,キョウエイカンセ,牡,5,萱野浩二,64.1,47.3,30.9,15.5,16.8,16.4,15.4,15.5
美浦,20260617,水,,キョウエイカンセ,牡,5,萱野浩二,65.9,47.9,31.5,16.0,18.0,16.4,15.5,16.0
美浦,20260620,土,,キョウエイカンセ,牡,5,萱野浩二,69.8,50.4,32.2,15.7,19.4,18.2,16.5,15.7
栗東,20260616,火,,キングロコマイカイ,牡,7,畑端省吾,70.6,51.1,32.5,15.6,19.5,18.6,16.9,15.6
栗東,20260617,水,,キングロコマイカイ,牡,7,畑端省吾,54.4,39.3,25.2,12.2,15.1,14.1,13.0,12.2
栗東,20260619,金,,キングロコマイカイ,牡,7,畑端省吾,69.4,50.8,33.0,16.0,18.6,17.8,17.0,16.0
栗東,20260620,土,,キングロコマイカイ,牡,7,畑端省吾,69.7,50.2,32.0,14.8,19.5,18.2,17.2,14.8
美浦,20260616,火,,グーテンベルク,牡,4,金成貴史,66.2,48.1,31.1,15.1,18.1,17.0,16.0,15.1
栗東,20260616,火,,グディンナ,牝,5,牧田和弥,67.2,48.9,32.2,16.2,18.3,16.7,16.0,16.2
栗東,20260617,水,,グディンナ,牝,5,牧田和弥,66.7,48.4,31.6,15.7,18.3,16.8,15.9,15.7
栗東,20260618,木,,グディンナ,牝,5,牧田和弥,56.6,40.2,25.4,12.3,16.4,14.8,13.1,12.3
栗東,20260620,土,,グディンナ,牝,5,牧田和弥,77.3,56.9,38.1,19.7,20.4,18.8,18.4,19.7
美浦,20260616,火,,クラウンフラッグ,牡,2,中川公成,67.8,50.5,33.9,17.1,17.3,16.6,16.8,17.1
美浦,20260616,火,,クラリネットソナタ,牝,4,柄崎将寿,67.5,49.3,32.2,15.5,18.2,17.1,16.7,15.5
美浦,20260619,金,,クラリネットソナタ,牝,4,柄崎将寿,67.2,49.2,32.3,15.8,18.0,16.9,16.5,15.8
美浦,20260616,火,,グランドフォレスト,牡,5,室井潔,64.8,48.2,32.3,16.4,16.6,15.9,15.9,16.4
美浦,20260617,水,,グランドフォレスト,牡,5,室井潔,67.1,49.6,33.0,16.7,17.5,16.6,16.3,16.7
美浦,20260618,木,,グランドフォレスト,牡,5,室井潔,55.7,40.2,26.3,12.7,15.5,13.9,13.6,12.7
美浦,20260620,土,,グランドフォレスト,牡,5,室井潔,67.9,49.9,32.7,16.1,18.0,17.2,16.6,16.1
栗東,20260616,火,,グランピアン,牝,3,森田直行,67.4,49.5,32.7,16.1,17.9,16.8,16.6,16.1
栗東,20260617,水,,グランピアン,牝,3,森田直行,53.5,38.6,25.1,12.6,14.9,13.5,12.5,12.6
栗東,20260619,金,,グランピアン,牝,3,森田直行,72.0,52.4,33.8,16.6,19.6,18.6,17.2,16.6
栗東,20260620,土,,グランピアン,牝,3,森田直行,66.5,48.2,32.3,16.0,18.3,15.9,16.3,16.0
栗東,20260616,火,,クリスタルタワー,牝,3,寺島良,63.8,46.7,31.1,16.0,17.1,15.6,15.1,16.0
栗東,20260616,火,,クリノフィガロ,牡,5,荒川義之,62.1,46.1,30.6,15.7,16.0,15.5,14.9,15.7
栗東,20260617,水,,クリノフィガロ,牡,5,荒川義之,54.6,39.8,26.4,13.3,14.8,13.4,13.1,13.3
栗東,20260619,金,,クリノフィガロ,牡,5,荒川義之,65.1,47.8,31.6,15.9,17.3,16.2,15.7,15.9
栗東,20260620,土,,クリノフィガロ,牡,5,荒川義之,68.9,50.4,33.5,17.0,18.5,16.9,16.5,17.0
美浦,20260616,火,,クリムゾンリーフ,牡,3,加藤士津,63.8,45.9,30.3,14.7,17.9,15.6,15.6,14.7
美浦,20260617,水,,クリムゾンリーフ,牡,3,加藤士津,56.5,41.1,26.7,13.2,15.4,14.4,13.5,13.2
美浦,20260619,金,,クリムゾンリーフ,牡,3,加藤士津,63.1,46.5,30.5,14.6,16.6,16.0,15.9,14.6
美浦,20260620,土,,クリムゾンリーフ,牡,3,加藤士津,62.1,46.2,30.5,15.0,15.9,15.7,15.5,15.0
栗東,20260616,火,,クロノスバレット,牡,4,吉村圭司,65.4,47.2,30.3,14.8,18.2,16.9,15.5,14.8
栗東,20260617,水,,クロノスバレット,牡,4,吉村圭司,55.6,40.6,26.4,12.8,15.0,14.2,13.6,12.8
栗東,20260619,金,,クロノスバレット,牡,4,吉村圭司,66.1,47.9,30.8,15.2,18.2,17.1,15.6,15.2
栗東,20260620,土,,クロノスバレット,牡,4,吉村圭司,65.2,47.1,30.1,14.6,18.1,17.0,15.5,14.6
栗東,20260616,火,,ケイアイブラック,牡,3,梅田智之,64.7,47.4,30.8,15.2,17.3,16.6,15.6,15.2
栗東,20260617,水,,ケイアイブラック,牡,3,梅田智之,52.6,38.4,25.4,12.9,14.2,13.0,12.5,12.9
栗東,20260619,金,,ケイアイブラック,牡,3,梅田智之,67.5,48.7,31.6,15.5,18.8,17.1,16.1,15.5
栗東,20260620,土,,ケイアイブラック,牡,3,梅田智之,71.7,52.0,34.3,16.8,19.7,17.7,17.5,16.8
美浦,20260616,火,,ゴートゥービッツン,牝,2,伊藤伸一,70.1,52.3,34.7,17.1,17.8,17.6,17.6,17.1
美浦,20260617,水,,ゴートゥービッツン,牝,2,伊藤伸一,69.2,51.6,34.3,17.4,17.6,17.3,16.9,17.4
栗東,20260619,金,,ゴールデンカイト,牡,4,中内田充,58.0,42.0,27.8,13.8,16.0,14.2,14.0,13.8
美浦,20260616,火,,ゴールデンステップ,牝,5,和田勇介,69.0,51.4,34.1,17.1,17.6,17.3,17.0,17.1
美浦,20260617,水,,ゴールデンステップ,牝,5,和田勇介,54.7,39.7,25.7,12.5,15.0,14.0,13.2,12.5
美浦,20260619,金,,ゴールデンステップ,牝,5,和田勇介,65.9,48.1,31.6,15.7,17.8,16.5,15.9,15.7
美浦,20260620,土,,ゴールデンステップ,牝,5,和田勇介,66.8,49.0,32.2,16.4,17.8,16.8,15.8,16.4
栗東,20260616,火,,ゴールドアーチ,牡,3,坂口智康,64.1,47.5,31.2,15.1,16.6,16.3,16.1,15.1
栗東,20260617,水,,ゴールドアーチ,牡,3,坂口智康,53.1,38.9,25.3,12.6,14.2,13.6,12.7,12.6
栗東,20260619,金,,ゴールドアーチ,牡,3,坂口智康,64.2,47.3,31.3,15.2,16.9,16.0,16.1,15.2
栗東,20260620,土,,ゴールドアーチ,牡,3,坂口智康,65.1,49.1,32.8,16.2,16.0,16.3,16.6,16.2
美浦,20260616,火,,コールドスリープ,牝,2,深山雅史,70.7,50.2,32.3,16.5,20.5,17.9,15.8,16.5
美浦,20260616,火,,コガネノソラ,牝,5,菊沢隆徳,65.0,47.8,30.5,14.4,17.2,17.3,16.1,14.4
美浦,20260617,水,,コガネノソラ,牝,5,菊沢隆徳,54.2,39.5,25.8,12.6,14.7,13.7,13.2,12.6
美浦,20260616,火,,コスモシグナス,牡,2,水野貴広,71.5,52.3,33.4,16.2,19.2,18.9,17.2,16.2
美浦,20260617,水,,コスモシグナス,牡,2,水野貴広,71.2,52.5,34.3,16.8,18.7,18.2,17.5,16.8
美浦,20260619,金,,コスモシグナス,牡,2,水野貴広,68.8,50.9,33.4,16.4,17.9,17.5,17.0,16.4
美浦,20260616,火,,コスモラムバック,牡,3,水野貴広,74.6,54.7,36.6,18.2,19.9,18.1,18.4,18.2
美浦,20260617,水,,コスモラムバック,牡,3,水野貴広,72.6,53.9,35.9,17.9,18.7,18.0,18.0,17.9
美浦,20260619,金,,コスモラムバック,牡,3,水野貴広,70.6,51.7,33.2,16.6,18.9,18.5,16.6,16.6
美浦,20260620,土,,コスモラムバック,牡,3,水野貴広,72.5,54.3,36.2,18.0,18.2,18.1,18.2,18.0
栗東,20260618,木,,ゴッドカインド,牝,5,飯田祐史,56.8,39.9,25.4,12.5,16.9,14.5,12.9,12.5
栗東,20260620,土,,コニーアイランド,牝,3,中内田充,64.8,46.6,29.7,14.1,18.2,16.9,15.6,14.1
栗東,20260617,水,,コラカオ,牡,3,坂口智康,53.9,38.7,25.1,12.6,15.2,13.6,12.5,12.6
栗東,20260616,火,,ゴルトミュンツェ,牝,3,高柳大輔,64.3,46.0,30.0,14.8,18.3,16.0,15.2,14.8
栗東,20260617,水,,ゴルトミュンツェ,牝,3,高柳大輔,55.7,40.2,25.7,12.4,15.5,14.5,13.3,12.4
栗東,20260619,金,,ゴルトミュンツェ,牝,3,高柳大輔,65.7,47.2,30.6,14.8,18.5,16.6,15.8,14.8
栗東,20260620,土,,ゴルトミュンツェ,牝,3,高柳大輔,67.8,48.7,30.5,14.9,19.1,18.2,15.6,14.9
美浦,20260616,火,,サイモンナイスラン,牡,3,勢司和浩,68.5,51.4,33.9,16.2,17.1,17.5,17.7,16.2
美浦,20260617,水,,サイモンナイスラン,牡,3,勢司和浩,55.9,40.9,26.6,12.9,15.0,14.3,13.7,12.9
美浦,20260619,金,,サイモンナイスラン,牡,3,勢司和浩,68.7,50.4,33.0,16.5,18.3,17.4,16.5,16.5
美浦,20260620,土,,サイモンナイスラン,牡,3,勢司和浩,73.4,53.3,35.3,18.1,20.1,18.0,17.2,18.1
美浦,20260616,火,,サイルーン,セ,7,堀宣行,64.9,48.2,31.3,15.1,16.7,16.9,16.2,15.1
栗東,20260616,火,,サカトクフェイス,牡,3,今野貞一,65.0,47.7,31.7,15.9,17.3,16.0,15.8,15.9
栗東,20260617,水,,サカトクフェイス,牡,3,今野貞一,52.8,38.5,25.5,13.1,14.3,13.0,12.4,13.1
栗東,20260619,金,,サカトクフェイス,牡,3,今野貞一,63.7,47.4,31.2,15.4,16.3,16.2,15.8,15.4
栗東,20260620,土,,サカトクフェイス,牡,3,今野貞一,67.9,49.8,32.0,15.3,18.1,17.8,16.7,15.3
栗東,20260617,水,,サクライロマウコロ,牝,3,小椋研介,55.9,40.3,26.0,12.7,15.6,14.3,13.3,12.7
美浦,20260616,火,,サザンウォリアー,牡,3,加藤和宏,65.5,48.6,31.8,15.7,16.9,16.8,16.1,15.7
美浦,20260617,水,,サザンウォリアー,牡,3,加藤和宏,56.6,41.8,27.2,13.1,14.8,14.6,14.1,13.1
美浦,20260619,金,,サザンウォリアー,牡,3,加藤和宏,64.4,47.2,31.8,15.8,17.2,15.4,16.0,15.8
美浦,20260620,土,,サザンウォリアー,牡,3,加藤和宏,69.7,52.3,34.9,17.7,17.4,17.4,17.2,17.7
美浦,20260616,火,,サトノヴィレ,セ,6,鹿戸雄一,62.0,45.5,30.0,14.8,16.5,15.5,15.2,14.8
美浦,20260617,水,,サトノヴィレ,セ,6,鹿戸雄一,53.2,38.5,24.9,12.1,14.7,13.6,12.8,12.1
美浦,20260619,金,,サトノヴィレ,セ,6,鹿戸雄一,60.9,45.3,29.9,14.4,15.6,15.4,15.5,14.4
栗東,20260617,水,,サリーチェ,牝,4,池添学,52.3,38.8,25.7,13.0,13.5,13.1,12.7,13.0
美浦,20260616,火,,サンデースマッシュ,牡,3,嘉藤貴行,64.0,46.4,30.5,15.1,17.6,15.9,15.4,15.1
美浦,20260619,金,,サンデースマッシュ,牡,3,嘉藤貴行,64.0,46.4,31.3,15.9,17.6,15.1,15.4,15.9
美浦,20260620,土,,サンデースマッシュ,牡,3,嘉藤貴行,63.0,46.4,30.6,14.1,16.6,15.8,16.5,14.1
美浦,20260619,金,,ザンテソーロ,牡,3,畠山吉宏,64.0,45.5,29.1,14.5,18.5,16.4,14.6,14.5
美浦,20260620,土,,ザンテソーロ,牡,3,畠山吉宏,66.5,46.4,29.2,14.7,20.1,17.2,14.5,14.7
栗東,20260616,火,,サンライズフリード,牡,3,小林真也,68.5,51.0,33.9,16.9,17.5,17.1,17.0,16.9
栗東,20260616,火,,サンライズフリード,牡,3,小林真也,73.0,53.5,35.1,17.6,19.5,18.4,17.5,17.6
栗東,20260617,水,,サンライズフリード,牡,3,小林真也,54.3,39.0,25.3,12.6,15.3,13.7,12.7,12.6
栗東,20260619,金,,サンライズフリード,牡,3,小林真也,66.3,48.7,32.1,16.0,17.6,16.6,16.1,16.0
栗東,20260620,土,,サンライズフリード,牡,3,小林真也,65.1,47.2,31.2,15.2,17.9,16.0,16.0,15.2
美浦,20260616,火,,シーズザチャンス,牝,2,大和田成,67.5,49.8,33.1,16.2,17.7,16.7,16.9,16.2
栗東,20260616,火,,ジーティーキャメル,牡,2,宮地貴稔,63.3,46.7,31.3,16.0,16.6,15.4,15.3,16.0
栗東,20260617,水,,ジーティーキャメル,牡,2,宮地貴稔,54.0,39.7,25.8,12.9,14.3,13.9,12.9,12.9
栗東,20260620,土,,ジーティーキャメル,牡,2,宮地貴稔,71.4,52.8,34.8,17.3,18.6,18.0,17.5,17.3
美浦,20260616,火,,ジーティーヒラリ,牝,3,加藤和宏,65.9,47.3,30.6,15.2,18.6,16.7,15.4,15.2
美浦,20260617,水,,ジーティーヒラリ,牝,3,加藤和宏,55.6,40.1,26.1,12.7,15.5,14.0,13.4,12.7
美浦,20260619,金,,ジーティーヒラリ,牝,3,加藤和宏,66.6,47.3,30.4,14.6,19.3,16.9,15.8,14.6
栗東,20260616,火,,ジーティーメティオ,牝,3,矢作芳人,69.9,51.8,33.5,16.5,18.1,18.3,17.0,16.5
栗東,20260617,水,,ジーティーメティオ,牝,3,矢作芳人,53.6,38.4,24.9,12.4,15.2,13.5,12.5,12.4
栗東,20260616,火,,ジーニアスバローズ,セ,6,辻野泰之,60.1,43.9,28.3,14.3,16.2,15.6,14.0,14.3
栗東,20260617,水,,ジーニアスバローズ,セ,6,辻野泰之,52.4,38.6,25.2,12.7,13.8,13.4,12.5,12.7
栗東,20260619,金,,ジーニアスバローズ,セ,6,辻野泰之,62.1,44.7,28.5,14.2,17.4,16.2,14.3,14.2
栗東,20260620,土,,ジーニアスバローズ,セ,6,辻野泰之,65.4,47.6,30.8,15.3,17.8,16.8,15.5,15.3
栗東,20260620,土,,ジェルソミーノ,牝,3,牧田和弥,67.7,49.8,32.7,16.5,17.9,17.1,16.2,16.5
栗東,20260616,火,,シオンダンサー,牝,3,斉藤崇史,68.4,48.8,31.6,15.6,19.6,17.2,16.0,15.6
栗東,20260617,水,,シオンダンサー,牝,3,斉藤崇史,53.8,38.2,24.8,12.6,15.6,13.4,12.2,12.6
栗東,20260619,金,,シオンダンサー,牝,3,斉藤崇史,69.6,50.6,33.3,16.7,19.0,17.3,16.6,16.7
栗東,20260616,火,,シホノペルフェット,牡,4,寺島良,66.3,47.8,31.9,15.2,18.5,15.9,16.7,15.2
美浦,20260616,火,,シャオシンユン,牝,4,奥村武,60.3,44.2,28.6,14.3,16.1,15.6,14.3,14.3
美浦,20260619,金,,シャオシンユン,牝,4,奥村武,70.3,51.2,33.6,16.8,19.1,17.6,16.8,16.8
美浦,20260617,水,,ジャクソン,牡,6,武市康男,64.1,47.5,31.4,15.7,16.6,16.1,15.7,15.7
美浦,20260619,金,,ジャクソン,牡,6,武市康男,66.3,48.9,32.0,16.0,17.4,16.9,16.0,16.0
美浦,20260620,土,,ジャクソン,牡,6,武市康男,69.9,51.9,34.3,17.1,18.0,17.6,17.2,17.1
栗東,20260616,火,,ジャスティンゴッホ,牡,3,茶木太樹,65.3,47.6,31.7,16.0,17.7,15.9,15.7,16.0
栗東,20260617,水,,ジャスティンゴッホ,牡,3,茶木太樹,53.9,38.4,24.7,12.4,15.5,13.7,12.3,12.4
栗東,20260619,金,,ジャスティンゴッホ,牡,3,茶木太樹,65.2,48.0,31.9,16.0,17.2,16.1,15.9,16.0
栗東,20260620,土,,ジャスティンゴッホ,牡,3,茶木太樹,65.9,48.5,32.0,15.7,17.4,16.5,16.3,15.7
美浦,20260616,火,,シャトーベスト,牡,3,蛯名利弘,67.5,49.3,32.4,16.1,18.2,16.9,16.3,16.1
美浦,20260619,金,,シャトーベスト,牡,3,蛯名利弘,66.3,49.3,32.6,15.9,17.0,16.7,16.7,15.9
美浦,20260620,土,,シャトーベスト,牡,3,蛯名利弘,66.7,49.1,31.8,16.0,17.6,17.3,15.8,16.0
美浦,20260616,火,,シャルムグリーン,牡,3,相沢郁,64.0,47.6,31.5,15.7,16.4,16.1,15.8,15.7
美浦,20260619,金,,シャルムグリーン,牡,3,相沢郁,64.2,46.9,31.1,15.5,17.3,15.8,15.6,15.5
美浦,20260620,土,,シャルムグリーン,牡,3,相沢郁,63.7,47.3,31.2,15.7,16.4,16.1,15.5,15.7
栗東,20260616,火,,シャンジュマン,牡,3,奥村豊,62.1,46.0,31.4,15.7,16.1,14.6,15.7,15.7
栗東,20260619,金,,シャンジュマン,牡,3,奥村豊,66.1,49.5,33.5,17.3,16.6,16.0,16.2,17.3
美浦,20260617,水,,シャンパンアワー,牡,2,田中剛,54.5,40.3,26.3,13.0,14.2,14.0,13.3,13.0
美浦,20260616,火,,シュートザワークス,牡,2,千葉直人,65.1,47.8,31.2,15.3,17.3,16.6,15.9,15.3
美浦,20260619,金,,シュートザワークス,牡,2,千葉直人,66.8,48.2,31.5,15.4,18.6,16.7,16.1,15.4
美浦,20260620,土,,シュートザワークス,牡,2,千葉直人,72.0,52.4,34.5,17.1,19.6,17.9,17.4,17.1
美浦,20260619,金,,ジューンミレニアム,牝,3,鈴木慎太,67.1,48.6,31.3,14.9,18.5,17.3,16.4,14.9
栗東,20260616,火,,ジュエルハウス,牝,4,橋田宜長,71.0,50.3,32.7,16.4,20.7,17.6,16.3,16.4
栗東,20260617,水,,ジュエルハウス,牝,4,橋田宜長,54.6,38.8,25.3,12.5,15.8,13.5,12.8,12.5
栗東,20260619,金,,ジュエルハウス,牝,4,橋田宜長,65.1,47.7,31.3,15.6,17.4,16.4,15.7,15.6
栗東,20260616,火,,シュテルンビルト,牡,4,森田直行,68.9,49.9,33.1,16.3,19.0,16.8,16.8,16.3
栗東,20260617,水,,シュテルンビルト,牡,4,森田直行,53.5,39.0,25.3,12.6,14.5,13.7,12.7,12.6
栗東,20260620,土,,シュテルンビルト,牡,4,森田直行,71.2,51.2,32.8,15.7,20.0,18.4,17.1,15.7
美浦,20260616,火,,シュレン,牝,4,千葉直人,64.4,47.2,30.3,14.7,17.2,16.9,15.6,14.7
美浦,20260619,金,,シュレン,牝,4,千葉直人,65.6,47.1,29.7,14.5,18.5,17.4,15.2,14.5
栗東,20260619,金,,ジュンクロノシップ,牡,3,浜田多実,71.8,51.5,33.3,16.6,20.3,18.2,16.7,16.6
栗東,20260620,土,,ジュンクロノシップ,牡,3,浜田多実,72.6,52.2,33.6,16.5,20.4,18.6,17.1,16.5
栗東,20260616,火,,ショウナンアデイブ,牡,7,高野友和,73.1,52.8,34.5,17.3,20.3,18.3,17.2,17.3
栗東,20260617,水,,ショウナンアデイブ,牡,7,高野友和,73.0,52.8,34.1,17.0,20.2,18.7,17.1,17.0
栗東,20260617,水,,ショウナンアデイブ,牡,7,高野友和,55.5,40.4,25.8,12.6,15.1,14.6,13.2,12.6
栗東,20260619,金,,ショウナンアデイブ,牡,7,高野友和,72.8,53.2,34.9,16.9,19.6,18.3,18.0,16.9
栗東,20260618,木,,シンフォーエバー,牡,4,森秀行,55.3,38.3,24.6,12.5,17.0,13.7,12.1,12.5
栗東,20260616,火,,スイープアワーズ,牡,6,宮地貴稔,63.5,47.3,31.7,15.9,16.2,15.6,15.8,15.9
栗東,20260617,水,,スイープアワーズ,牡,6,宮地貴稔,53.7,39.3,25.4,12.8,14.4,13.9,12.6,12.8
栗東,20260620,土,,スイープアワーズ,牡,6,宮地貴稔,63.3,46.4,31.3,15.4,16.9,15.1,15.9,15.4
美浦,20260616,火,,スカイリッチ,牡,3,小笠倫弘,66.5,48.9,32.3,16.2,17.6,16.6,16.1,16.2
美浦,20260617,水,,スカイリッチ,牡,3,小笠倫弘,54.5,39.8,26.0,12.9,14.7,13.8,13.1,12.9
美浦,20260620,土,,スカイリッチ,牡,3,小笠倫弘,67.8,50.2,32.9,16.4,17.6,17.3,16.5,16.4
美浦,20260619,金,,スタームーンナイト,牡,3,中舘英二,66.8,48.8,31.9,15.8,18.0,16.9,16.1,15.8
美浦,20260620,土,,スタームーンナイト,牡,3,中舘英二,66.3,48.5,32.0,16.5,17.8,16.5,15.5,16.5
美浦,20260616,火,,スチールギターラグ,牝,3,鹿戸雄一,61.5,45.3,29.5,14.9,16.2,15.8,14.6,14.9
美浦,20260619,金,,スチールギターラグ,牝,3,鹿戸雄一,60.4,44.1,30.0,15.1,16.3,14.1,14.9,15.1
栗東,20260616,火,,ステラクラウン,牝,5,上村洋行,65.3,47.3,30.7,15.3,18.0,16.6,15.4,15.3
栗東,20260617,水,,ステラクラウン,牝,5,上村洋行,54.3,39.1,25.4,12.5,15.2,13.7,12.9,12.5
栗東,20260619,金,,ステラクラウン,牝,5,上村洋行,67.3,48.7,31.3,15.6,18.6,17.4,15.7,15.6
栗東,20260620,土,,ステラクラウン,牝,5,上村洋行,66.3,48.3,32.1,16.3,18.0,16.2,15.8,16.3
栗東,20260616,火,,スマートティアナ,牝,3,石橋守,66.9,49.6,32.5,16.2,17.3,17.1,16.3,16.2
栗東,20260617,水,,スマートティアナ,牝,3,石橋守,56.1,40.9,25.9,12.3,15.2,15.0,13.6,12.3
栗東,20260619,金,,スマートティアナ,牝,3,石橋守,69.2,51.0,33.6,16.4,18.2,17.4,17.2,16.4
栗東,20260620,土,,スマートティアナ,牝,3,石橋守,68.4,49.8,32.5,16.2,18.6,17.3,16.3,16.2
栗東,20260616,火,,スマートワイス,牡,5,大久保龍,63.3,46.8,30.8,14.8,16.5,16.0,16.0,14.8
栗東,20260617,水,,スマートワイス,牡,5,大久保龍,51.2,37.4,24.6,12.2,13.8,12.8,12.4,12.2
栗東,20260619,金,,スマートワイス,牡,5,大久保龍,63.2,47.2,31.1,15.0,16.0,16.1,16.1,15.0
美浦,20260616,火,,スマイルアップ,牝,7,萱野浩二,67.1,50.1,33.1,16.4,17.0,17.0,16.7,16.4
美浦,20260616,火,,スマイルカーブ,牝,3,小手川準,65.6,48.3,31.1,14.8,17.3,17.2,16.3,14.8
栗東,20260616,火,,スリールミニョン,牝,4,高橋康之,66.4,48.3,31.5,15.5,18.1,16.8,16.0,15.5
栗東,20260617,水,,スリールミニョン,牝,4,高橋康之,53.6,38.3,24.4,12.0,15.3,13.9,12.4,12.0
栗東,20260619,金,,スリールミニョン,牝,4,高橋康之,65.5,48.4,32.0,15.9,17.1,16.4,16.1,15.9
栗東,20260620,土,,スリールミニョン,牝,4,高橋康之,66.3,47.8,30.9,15.1,18.5,16.9,15.8,15.1
栗東,20260618,木,,スリーロンドン,牝,3,中竹和也,55.4,40.3,25.4,12.6,15.1,14.9,12.8,12.6
美浦,20260616,火,,スワローシチー,牡,4,相沢郁,0.0,0.0,0.0,0.0,0.0,0.0,0.0,0.0
美浦,20260616,火,,スワローシチー,牡,4,相沢郁,65.2,48.1,31.5,15.6,17.1,16.6,15.9,15.6
美浦,20260619,金,,スワローシチー,牡,4,相沢郁,70.0,52.1,34.5,17.2,17.9,17.6,17.3,17.2
美浦,20260619,金,,スワローシチー,牡,4,相沢郁,64.8,47.8,31.1,15.0,17.0,16.7,16.1,15.0
美浦,20260620,土,,スワローシチー,牡,4,相沢郁,69.8,51.8,34.8,17.1,18.0,17.0,17.7,17.1
美浦,20260620,土,,スワローシチー,牡,4,相沢郁,64.9,47.6,30.9,14.7,17.3,16.7,16.2,14.7
美浦,20260616,火,,セイウンパシュート,セ,6,上原博之,73.6,53.5,34.8,16.6,20.1,18.7,18.2,16.6
美浦,20260619,金,,セイウンパシュート,セ,6,上原博之,62.3,46.5,31.2,16.1,15.8,15.3,15.1,16.1
栗東,20260616,火,,セキトバイースト,牝,5,四位洋文,63.9,46.3,29.7,14.6,17.6,16.6,15.1,14.6
栗東,20260619,金,,セキトバイースト,牝,5,四位洋文,64.3,45.8,28.4,13.5,18.5,17.4,14.9,13.5
栗東,20260616,火,,セシリエプラージュ,牝,5,中村直也,68.9,48.9,31.9,15.6,20.0,17.0,16.3,15.6
栗東,20260617,水,,セシリエプラージュ,牝,5,中村直也,53.5,37.9,24.4,12.0,15.6,13.5,12.4,12.0
栗東,20260619,金,,セシリエプラージュ,牝,5,中村直也,65.0,48.0,31.5,15.7,17.0,16.5,15.8,15.7
栗東,20260616,火,,セルヴァジオ,牝,3,上村洋行,65.6,47.1,30.7,15.0,18.5,16.4,15.7,15.0
栗東,20260617,水,,セルヴァジオ,牝,3,上村洋行,53.8,38.8,25.1,12.6,15.0,13.7,12.5,12.6
栗東,20260619,金,,セルヴァジオ,牝,3,上村洋行,65.5,47.1,30.9,15.4,18.4,16.2,15.5,15.4
栗東,20260620,土,,セルヴァジオ,牝,3,上村洋行,66.7,47.7,31.3,15.7,19.0,16.4,15.6,15.7
美浦,20260616,火,,セルリア,牝,3,大和田成,66.8,48.2,31.1,15.4,18.6,17.1,15.7,15.4
美浦,20260617,水,,セルリア,牝,3,大和田成,55.6,40.9,27.1,13.3,14.7,13.8,13.8,13.3
美浦,20260616,火,,セントメモリーズ,牝,5,松尾卓哉,56.6,40.1,27.0,14.0,16.5,13.1,13.0,14.0
美浦,20260616,火,,ソウルアンドジャズ,セ,5,武井亮,65.4,48.3,31.7,16.0,17.1,16.6,15.7,16.0
美浦,20260619,金,,ソウルアンドジャズ,セ,5,武井亮,63.2,46.7,30.6,15.0,16.5,16.1,15.6,15.0
栗東,20260616,火,,タイキジュビリー,牡,3,辻野泰之,63.0,46.1,30.3,15.2,16.9,15.8,15.1,15.2
栗東,20260617,水,,タイキジュビリー,牡,3,辻野泰之,53.0,38.7,25.0,12.5,14.3,13.7,12.5,12.5
栗東,20260619,金,,タイキジュビリー,牡,3,辻野泰之,62.8,46.0,30.3,15.4,16.8,15.7,14.9,15.4
栗東,20260620,土,,タイキジュビリー,牡,3,辻野泰之,60.8,44.5,29.4,14.9,16.3,15.1,14.5,14.9
美浦,20260616,火,,タイキバルドル,牡,6,勢司和浩,66.0,49.3,32.4,15.9,16.7,16.9,16.5,15.9
美浦,20260617,水,,タイキバルドル,牡,6,勢司和浩,53.9,38.5,24.9,12.3,15.4,13.6,12.6,12.3
美浦,20260619,金,,タイキバルドル,牡,6,勢司和浩,66.1,48.7,32.3,16.3,17.4,16.4,16.0,16.3
美浦,20260616,火,,タイセイアストロ,牡,3,森一誠,65.8,48.1,31.0,15.1,17.7,17.1,15.9,15.1
美浦,20260617,水,,タイセイアストロ,牡,3,森一誠,54.0,39.0,25.3,12.7,15.0,13.7,12.6,12.7
美浦,20260619,金,,タイセイアストロ,牡,3,森一誠,64.9,47.8,31.2,14.8,17.1,16.6,16.4,14.8
美浦,20260620,土,,タイセイアストロ,牡,3,森一誠,64.5,47.4,30.9,15.0,17.1,16.5,15.9,15.0
栗東,20260617,水,,タイセイアビオン,牝,3,浜田多実,56.7,41.2,26.9,13.2,15.5,14.3,13.7,13.2
栗東,20260619,金,,タイセイアビオン,牝,3,浜田多実,72.6,53.7,36.0,18.3,18.9,17.7,17.7,18.3
栗東,20260620,土,,タイセイアビオン,牝,3,浜田多実,77.6,54.6,34.8,16.9,23.0,19.8,17.9,16.9
栗東,20260616,火,,タイセイレグノ,セ,4,浜田多実,73.3,51.9,33.1,16.0,21.4,18.8,17.1,16.0
栗東,20260617,水,,タイセイレグノ,セ,4,浜田多実,55.6,39.7,26.0,12.6,15.9,13.7,13.4,12.6
栗東,20260619,金,,タイセイレグノ,セ,4,浜田多実,75.5,54.2,34.5,16.3,21.3,19.7,18.2,16.3
栗東,20260620,土,,タイセイレグノ,セ,4,浜田多実,70.5,49.2,31.7,15.3,21.3,17.5,16.4,15.3
栗東,20260617,水,,タカスタカスタカス,牡,3,藤原英昭,53.8,38.9,25.0,12.2,14.9,13.9,12.8,12.2
栗東,20260619,金,,タカスタカスタカス,牡,3,藤原英昭,64.7,47.2,30.9,15.3,17.5,16.3,15.6,15.3
栗東,20260616,火,,タガノアバンドーネ,牡,3,角田晃一,66.2,47.9,31.2,15.6,18.3,16.7,15.6,15.6
栗東,20260617,水,,タガノアバンドーネ,牡,3,角田晃一,55.0,39.5,25.1,11.8,15.5,14.4,13.3,11.8
栗東,20260619,金,,タガノアバンドーネ,牡,3,角田晃一,64.4,47.4,31.4,15.7,17.0,16.0,15.7,15.7
栗東,20260620,土,,タガノアバンドーネ,牡,3,角田晃一,65.1,46.6,30.0,14.8,18.5,16.6,15.2,14.8
栗東,20260616,火,,タガノエルピーダ,牝,5,斉藤崇史,65.9,47.9,31.2,15.4,18.0,16.7,15.8,15.4
栗東,20260619,金,,タガノエルピーダ,牝,5,斉藤崇史,67.4,48.5,31.0,15.1,18.9,17.5,15.9,15.1
栗東,20260620,土,,タガノエルピーダ,牝,5,斉藤崇史,72.2,52.3,33.5,16.4,19.9,18.8,17.1,16.4
美浦,20260616,火,,タクティシアン,牡,2,森一誠,65.6,47.9,30.9,14.7,17.7,17.0,16.2,14.7
美浦,20260617,水,,タクティシアン,牡,2,森一誠,54.2,39.1,25.2,12.5,15.1,13.9,12.7,12.5
美浦,20260619,金,,タクティシアン,牡,2,森一誠,64.1,47.3,30.2,14.9,16.8,17.1,15.3,14.9
美浦,20260620,土,,タクティシアン,牡,2,森一誠,65.0,48.0,30.8,15.0,17.0,17.2,15.8,15.0
栗東,20260616,火,,ダディーズトリップ,牡,10,千田輝彦,63.6,46.6,30.7,15.5,17.0,15.9,15.2,15.5
栗東,20260619,金,,ダディーズトリップ,牡,10,千田輝彦,66.6,48.3,31.3,15.2,18.3,17.0,16.1,15.2
栗東,20260620,土,,ダディーズトリップ,牡,10,千田輝彦,67.0,48.8,31.8,15.3,18.2,17.0,16.5,15.3
美浦,20260616,火,,ダノンアスコルティ,牝,3,大竹正博,68.8,50.6,33.4,16.6,18.2,17.2,16.8,16.6
美浦,20260617,水,,ダノンアスコルティ,牝,3,大竹正博,53.2,38.6,24.7,12.3,14.6,13.9,12.4,12.3
美浦,20260619,金,,ダノンアスコルティ,牝,3,大竹正博,62.4,45.7,29.7,14.6,16.7,16.0,15.1,14.6
美浦,20260616,火,,ダノンエンブレム,牡,4,宮田敬介,64.5,46.4,29.8,14.8,18.1,16.6,15.0,14.8
美浦,20260619,金,,ダノンエンブレム,牡,4,宮田敬介,59.8,43.2,28.2,14.0,16.6,15.0,14.2,14.0
美浦,20260620,土,,ダノンエンブレム,牡,4,宮田敬介,65.5,47.6,31.1,15.3,17.9,16.5,15.8,15.3
栗東,20260616,火,,ダノンカゼルタ,セ,4,寺島良,61.5,45.6,30.0,14.8,15.9,15.6,15.2,14.8
栗東,20260620,土,,ダノンカゼルタ,セ,4,寺島良,64.5,47.8,31.2,15.2,16.7,16.6,16.0,15.2
美浦,20260616,火,,ダノンコレクト,牡,2,森一誠,65.5,47.5,31.0,15.2,18.0,16.5,15.8,15.2
美浦,20260617,水,,ダノンコレクト,牡,2,森一誠,54.3,40.0,26.1,13.4,14.3,13.9,12.7,13.4
美浦,20260619,金,,ダノンコレクト,牡,2,森一誠,64.5,47.0,30.9,14.8,17.5,16.1,16.1,14.8
美浦,20260620,土,,ダノンコレクト,牡,2,森一誠,64.3,47.3,30.3,14.9,17.0,17.0,15.4,14.9
美浦,20260616,火,,ダノンマスタング,牡,3,田中博康,61.2,45.1,30.0,15.1,16.1,15.1,14.9,15.1
美浦,20260617,水,,ダノンマスタング,牡,3,田中博康,63.6,46.4,30.1,14.6,17.2,16.3,15.5,14.6
美浦,20260620,土,,ダノンマスタング,牡,3,田中博康,61.5,44.6,28.7,13.9,16.9,15.9,14.8,13.9
栗東,20260616,火,,タマモキャリコ,セ,5,宮地貴稔,63.2,46.4,30.9,15.1,16.8,15.5,15.8,15.1
栗東,20260617,水,,タマモキャリコ,セ,5,宮地貴稔,53.5,39.2,25.6,12.5,14.3,13.6,13.1,12.5
栗東,20260620,土,,タマモキャリコ,セ,5,宮地貴稔,63.0,46.7,30.9,15.3,16.3,15.8,15.6,15.3
美浦,20260616,火,,タヤスロレンヌ,牝,3,岩戸孝樹,68.2,50.0,33.2,16.6,18.2,16.8,16.6,16.6
美浦,20260620,土,,タヤスロレンヌ,牝,3,岩戸孝樹,68.9,50.4,32.0,16.2,18.5,18.4,15.8,16.2
美浦,20260619,金,,ツウカイウォリアー,牡,3,鈴木慎太,71.3,51.4,33.6,16.7,19.9,17.8,16.9,16.7
美浦,20260620,土,,ツウカイウォリアー,牡,3,鈴木慎太,73.0,52.1,34.4,17.4,20.9,17.7,17.0,17.4
美浦,20260616,火,,ツマヤ,牡,5,小野次郎,68.1,50.1,32.9,16.0,18.0,17.2,16.9,16.0
美浦,20260619,金,,ツマヤ,牡,5,小野次郎,67.9,49.2,31.5,15.4,18.7,17.7,16.1,15.4
美浦,20260620,土,,ツマヤ,牡,5,小野次郎,69.2,50.3,32.8,16.6,18.9,17.5,16.2,16.6
美浦,20260617,水,,ディペンダブル,牝,4,菊沢隆徳,53.4,38.9,25.5,12.5,14.5,13.4,13.0,12.5
栗東,20260616,火,,ティンティンデオ,牡,5,小崎憲,64.9,47.8,31.2,15.4,17.1,16.6,15.8,15.4
栗東,20260617,水,,ティンティンデオ,牡,5,小崎憲,53.6,39.2,25.7,12.9,14.4,13.5,12.8,12.9
栗東,20260619,金,,ティンティンデオ,牡,5,小崎憲,64.9,47.4,31.3,15.5,17.5,16.1,15.8,15.5
栗東,20260616,火,,テーオーシーザー,牡,3,宮徹,71.0,51.6,33.4,16.1,19.4,18.2,17.3,16.1
栗東,20260619,金,,テーオーシーザー,牡,3,宮徹,65.4,48.2,31.5,15.7,17.2,16.7,15.8,15.7
栗東,20260620,土,,テーオーシーザー,牡,3,宮徹,68.4,50.4,32.7,15.9,18.0,17.7,16.8,15.9
美浦,20260616,火,,デスティネ,牡,9,萱野浩二,67.5,49.9,32.6,16.6,17.6,17.3,16.0,16.6
美浦,20260619,金,,デスティネ,牡,9,萱野浩二,66.5,49.5,33.0,16.6,17.0,16.5,16.4,16.6
美浦,20260616,火,,テリオスララ,牝,4,田島俊明,68.0,49.1,31.5,15.7,18.9,17.6,15.8,15.7
美浦,20260619,金,,テリオスララ,牝,4,田島俊明,68.9,50.9,33.6,16.5,18.0,17.3,17.1,16.5
美浦,20260620,土,,テリオスララ,牝,4,田島俊明,70.8,51.8,33.8,16.7,19.0,18.0,17.1,16.7
美浦,20260616,火,,テルケンユミクイン,牝,4,田島俊明,68.9,50.4,33.1,16.7,18.5,17.3,16.4,16.7
美浦,20260619,金,,テルケンユミクイン,牝,4,田島俊明,69.5,50.7,33.0,16.5,18.8,17.7,16.5,16.5
美浦,20260620,土,,テルケンユミクイン,牝,4,田島俊明,67.8,49.7,32.1,15.9,18.1,17.6,16.2,15.9
美浦,20260616,火,,デルマシラカミ,牝,3,小野次郎,68.0,49.8,32.9,15.9,18.2,16.9,17.0,15.9
美浦,20260619,金,,デルマシラカミ,牝,3,小野次郎,69.4,50.7,32.6,16.0,18.7,18.1,16.6,16.0
美浦,20260620,土,,デルマシラカミ,牝,3,小野次郎,69.1,50.6,33.0,16.5,18.5,17.6,16.5,16.5
栗東,20260616,火,,テレサ,牝,4,杉山晴紀,67.9,50.2,32.9,16.4,17.7,17.3,16.5,16.4
栗東,20260617,水,,テレサ,牝,4,杉山晴紀,55.7,40.0,25.3,12.8,15.7,14.7,12.5,12.8
栗東,20260619,金,,テレサ,牝,4,杉山晴紀,68.6,50.3,33.0,16.5,18.3,17.3,16.5,16.5
栗東,20260616,火,,トウカイポワール,牝,5,北出成人,64.6,46.9,30.9,15.0,17.7,16.0,15.9,15.0
栗東,20260617,水,,トウカイポワール,牝,5,北出成人,52.0,37.5,24.9,12.3,14.5,12.6,12.6,12.3
栗東,20260619,金,,トウカイポワール,牝,5,北出成人,64.5,46.7,30.3,14.9,17.8,16.4,15.4,14.9
栗東,20260620,土,,トウカイポワール,牝,5,北出成人,66.9,48.4,31.6,15.7,18.5,16.8,15.9,15.7
栗東,20260616,火,,トゥスコラーナ,牝,3,松永幹夫,61.8,45.0,29.0,14.6,16.8,16.0,14.4,14.6
栗東,20260617,水,,トゥスコラーナ,牝,3,松永幹夫,53.7,39.2,25.2,12.6,14.5,14.0,12.6,12.6
栗東,20260619,金,,トゥスコラーナ,牝,3,松永幹夫,61.3,44.8,29.3,14.9,16.5,15.5,14.4,14.9
栗東,20260620,土,,トゥスコラーナ,牝,3,松永幹夫,65.7,47.7,30.7,14.7,18.0,17.0,16.0,14.7
美浦,20260616,火,,トーセンマスラオ,牡,2,菊沢隆徳,67.2,50.0,32.2,15.3,17.2,17.8,16.9,15.3
美浦,20260617,水,,トーセンマスラオ,牡,2,菊沢隆徳,64.4,47.3,30.7,15.2,17.1,16.6,15.5,15.2
美浦,20260620,土,,トーセンマスラオ,牡,2,菊沢隆徳,69.1,50.7,32.4,15.7,18.4,18.3,16.7,15.7
栗東,20260616,火,,トップチェッカー,牡,2,武英智,68.7,51.0,33.8,16.7,17.7,17.2,17.1,16.7
栗東,20260619,金,,トップチェッカー,牡,2,武英智,74.7,55.3,36.4,18.1,19.4,18.9,18.3,18.1
栗東,20260620,土,,トップチェッカー,牡,2,武英智,70.6,51.5,34.0,17.1,19.1,17.5,16.9,17.1
栗東,20260616,火,,トライアンドエラー,牝,3,加藤公太,68.3,48.9,32.0,15.8,19.4,16.9,16.2,15.8
栗東,20260618,木,,トライアンドエラー,牝,3,加藤公太,53.9,38.9,24.9,12.3,15.0,14.0,12.6,12.3
栗東,20260616,火,,ドラゴンドール,牡,2,大久保龍,63.9,46.8,30.9,15.4,17.1,15.9,15.5,15.4
栗東,20260617,水,,ドラゴンドール,牡,2,大久保龍,52.8,38.3,24.9,12.2,14.5,13.4,12.7,12.2
栗東,20260617,水,,ドレアンティア,牝,5,飯田祐史,53.5,38.3,24.9,12.6,15.2,13.4,12.3,12.6
栗東,20260619,金,,ドレアンティア,牝,5,飯田祐史,69.9,51.0,33.4,16.5,18.9,17.6,16.9,16.5
美浦,20260616,火,,ドントゥザムーン,牡,4,高木登,70.6,51.6,33.3,16.8,19.0,18.3,16.5,16.8
美浦,20260617,水,,ドントゥザムーン,牡,4,高木登,53.3,38.6,25.1,12.3,14.7,13.5,12.8,12.3
美浦,20260619,金,,ドントゥザムーン,牡,4,高木登,70.5,52.0,33.5,17.1,18.5,18.5,16.4,17.1
美浦,20260620,土,,ドントゥザムーン,牡,4,高木登,71.3,52.0,33.3,16.8,19.3,18.7,16.5,16.8
美浦,20260616,火,,ナクライト,牡,4,手塚貴徳,63.3,46.2,30.2,14.8,17.1,16.0,15.4,14.8
美浦,20260617,水,,ナクライト,牡,4,手塚貴徳,55.8,40.5,26.1,12.7,15.3,14.4,13.4,12.7
栗東,20260617,水,,ナムラヴンダー,牡,3,河嶋宏樹,54.8,40.0,25.5,12.5,14.8,14.5,13.0,12.5
美浦,20260616,火,,ニシノカルラ,牡,3,和田勇介,66.2,48.8,32.0,16.2,17.4,16.8,15.8,16.2
美浦,20260619,金,,ニシノカルラ,牡,3,和田勇介,67.2,50.2,32.7,16.4,17.0,17.5,16.3,16.4
美浦,20260620,土,,ニシノカルラ,牡,3,和田勇介,66.1,48.8,32.1,16.0,17.3,16.7,16.1,16.0
美浦,20260616,火,,ニシノツムジカゼ,牡,2,西田雄一,64.8,47.5,30.9,15.4,17.3,16.6,15.5,15.4
美浦,20260616,火,,ニシノティアモ,牝,5,上原佑紀,65.3,48.5,31.3,15.1,16.8,17.2,16.2,15.1
美浦,20260617,水,,ニシノティアモ,牝,5,上原佑紀,65.6,48.0,31.6,15.5,17.6,16.4,16.1,15.5
美浦,20260620,土,,ニシノティアモ,牝,5,上原佑紀,64.6,47.4,31.2,15.3,17.2,16.2,15.9,15.3
美浦,20260616,火,,ニットウライズ,牡,3,高橋文雅,67.6,49.3,31.6,15.3,18.3,17.7,16.3,15.3
美浦,20260617,水,,ニットウライズ,牡,3,高橋文雅,69.2,50.9,33.4,16.8,18.3,17.5,16.6,16.8
美浦,20260619,金,,ニットウライズ,牡,3,高橋文雅,68.8,49.7,32.3,15.8,19.1,17.4,16.5,15.8
栗東,20260616,火,,ニミッツハイウェイ,牡,3,梅田智之,65.2,47.2,30.8,15.2,18.0,16.4,15.6,15.2
栗東,20260617,水,,ニミッツハイウェイ,牡,3,梅田智之,55.2,39.5,26.0,13.1,15.7,13.5,12.9,13.1
栗東,20260619,金,,ニミッツハイウェイ,牡,3,梅田智之,63.2,45.9,30.5,15.5,17.3,15.4,15.0,15.5
栗東,20260620,土,,ニミッツハイウェイ,牡,3,梅田智之,66.0,47.4,30.8,15.0,18.6,16.6,15.8,15.0
美浦,20260616,火,,ネイティヴプライド,牡,3,高木登,70.3,50.6,32.9,16.1,19.7,17.7,16.8,16.1
美浦,20260617,水,,ネイティヴプライド,牡,3,高木登,55.2,40.3,26.7,13.2,14.9,13.6,13.5,13.2
美浦,20260619,金,,ネイティヴプライド,牡,3,高木登,70.7,52.7,34.6,17.2,18.0,18.1,17.4,17.2
美浦,20260620,土,,ネイティヴプライド,牡,3,高木登,71.3,52.6,34.7,17.3,18.7,17.9,17.4,17.3
栗東,20260617,水,,ネッカーズルム,牡,3,藤野健太,55.5,40.2,25.8,12.6,15.3,14.4,13.2,12.6
美浦,20260616,火,,ノドゥス,牡,2,斎藤誠,66.8,49.6,32.4,16.1,17.2,17.2,16.3,16.1
美浦,20260619,金,,ノドゥス,牡,2,斎藤誠,67.2,49.6,32.9,16.0,17.6,16.7,16.9,16.0
美浦,20260620,土,,ノドゥス,牡,2,斎藤誠,68.3,50.2,33.1,16.2,18.1,17.1,16.9,16.2
栗東,20260616,火,,ハオカノア,牡,3,小崎憲,64.9,48.0,31.4,15.5,16.9,16.6,15.9,15.5
栗東,20260617,水,,ハオカノア,牡,3,小崎憲,54.2,39.4,25.8,12.9,14.8,13.6,12.9,12.9
栗東,20260619,金,,ハオカノア,牡,3,小崎憲,64.3,46.7,30.7,15.2,17.6,16.0,15.5,15.2
栗東,20260620,土,,ハオカノア,牡,3,小崎憲,68.6,49.8,32.7,16.2,18.8,17.1,16.5,16.2
栗東,20260616,火,,ハギノデュア,牝,3,高野友和,72.4,52.2,33.9,16.5,20.2,18.3,17.4,16.5
栗東,20260617,水,,ハギノデュア,牝,3,高野友和,75.1,53.9,34.8,17.1,21.2,19.1,17.7,17.1
栗東,20260617,水,,ハギノデュア,牝,3,高野友和,62.2,44.8,29.0,14.3,17.4,15.8,14.7,14.3
栗東,20260619,金,,ハギノデュア,牝,3,高野友和,70.4,52.3,34.6,17.3,18.1,17.7,17.3,17.3
栗東,20260616,火,,バクソウシャチョウ,牡,2,森秀行,71.9,52.6,33.6,16.5,19.3,19.0,17.1,16.5
栗東,20260617,水,,バクソウシャチョウ,牡,2,森秀行,51.7,38.3,25.3,12.8,13.4,13.0,12.5,12.8
栗東,20260616,火,,パシアンジャン,牡,5,鈴木孝志,66.0,48.5,32.4,16.2,17.5,16.1,16.2,16.2
栗東,20260617,水,,パシアンジャン,牡,5,鈴木孝志,53.4,39.4,25.9,13.3,14.0,13.5,12.6,13.3
栗東,20260620,土,,パシアンジャン,牡,5,鈴木孝志,64.2,46.8,30.4,14.6,17.4,16.4,15.8,14.6
美浦,20260616,火,,パチクリベスクリ,牡,3,清水英克,68.2,50.4,33.5,17.0,17.8,16.9,16.5,17.0
美浦,20260617,水,,パチクリベスクリ,牡,3,清水英克,69.5,50.1,32.6,16.3,19.4,17.5,16.3,16.3
美浦,20260619,金,,パチクリベスクリ,牡,3,清水英克,68.6,51.4,34.3,17.4,17.2,17.1,16.9,17.4
美浦,20260619,金,,パチクリベスクリ,牡,3,清水英克,62.8,46.5,30.8,15.6,16.3,15.7,15.2,15.6
栗東,20260616,火,,ハッコウイチウ,牡,4,杉山晴紀,67.4,49.8,32.7,16.5,17.6,17.1,16.2,16.5
栗東,20260617,水,,ハッコウイチウ,牡,4,杉山晴紀,52.8,38.4,25.0,12.3,14.4,13.4,12.7,12.3
栗東,20260619,金,,ハッコウイチウ,牡,4,杉山晴紀,68.6,51.1,34.3,17.4,17.5,16.8,16.9,17.4
栗東,20260620,土,,ハッコウイチウ,牡,4,杉山晴紀,66.1,47.5,30.6,14.6,18.6,16.9,16.0,14.6
栗東,20260617,水,,ハッピーダンチャン,牡,4,小椋研介,55.9,40.3,25.8,12.7,15.6,14.5,13.1,12.7
栗東,20260620,土,,ハッピーダンチャン,牡,4,小椋研介,66.0,48.5,30.8,15.0,17.5,17.7,15.8,15.0
栗東,20260616,火,,バディ,牡,3,四位洋文,66.0,48.3,32.0,15.7,17.7,16.3,16.3,15.7
栗東,20260617,水,,バディ,牡,3,四位洋文,54.9,40.4,26.1,12.8,14.5,14.3,13.3,12.8
栗東,20260619,金,,バディ,牡,3,四位洋文,68.8,50.7,33.4,16.4,18.1,17.3,17.0,16.4
栗東,20260620,土,,バディ,牡,3,四位洋文,68.9,50.5,32.5,15.4,18.4,18.0,17.1,15.4
栗東,20260616,火,,バトルセレーネ,牝,3,吉村圭司,67.0,48.8,31.6,15.5,18.2,17.2,16.1,15.5
栗東,20260617,水,,バトルセレーネ,牝,3,吉村圭司,53.5,39.6,25.3,12.5,13.9,14.3,12.8,12.5
栗東,20260619,金,,バトルセレーネ,牝,3,吉村圭司,66.7,48.6,31.4,15.6,18.1,17.2,15.8,15.6
栗東,20260620,土,,バトルセレーネ,牝,3,吉村圭司,66.6,47.9,31.1,15.4,18.7,16.8,15.7,15.4
栗東,20260616,火,,ハナコトバ,牝,3,寺島良,64.8,47.6,31.5,16.0,17.2,16.1,15.5,16.0
栗東,20260616,火,,パノラマステージ,牝,3,牧浦充徳,64.1,47.8,31.6,15.6,16.3,16.2,16.0,15.6
栗東,20260617,水,,パノラマステージ,牝,3,牧浦充徳,55.1,39.7,25.6,12.7,15.4,14.1,12.9,12.7
栗東,20260616,火,,パラディレーヌ,牝,4,千田輝彦,67.3,49.0,31.7,15.5,18.3,17.3,16.2,15.5
栗東,20260619,金,,パラディレーヌ,牝,4,千田輝彦,68.3,49.8,31.9,15.1,18.5,17.9,16.8,15.1
栗東,20260616,火,,ピースビート,牡,3,中村直也,68.2,49.6,33.0,16.6,18.6,16.6,16.4,16.6
栗東,20260617,水,,ピースビート,牡,3,中村直也,52.9,39.0,25.4,12.9,13.9,13.6,12.5,12.9
栗東,20260616,火,,ビスケットアソート,牡,3,武英智,65.6,49.0,32.7,16.6,16.6,16.3,16.1,16.6
栗東,20260617,水,,ビスケットアソート,牡,3,武英智,51.4,37.1,24.5,12.5,14.3,12.6,12.0,12.5
栗東,20260619,金,,ビスケットアソート,牡,3,武英智,63.7,47.6,31.5,16.0,16.1,16.1,15.5,16.0
栗東,20260620,土,,ビスケットアソート,牡,3,武英智,69.0,51.2,33.9,16.7,17.8,17.3,17.2,16.7
栗東,20260616,火,,ビタールート,牝,3,奥村豊,65.1,47.3,31.0,15.8,17.8,16.3,15.2,15.8
栗東,20260619,金,,ビタールート,牝,3,奥村豊,66.5,49.3,32.6,16.1,17.2,16.7,16.5,16.1
栗東,20260620,土,,ビタールート,牝,3,奥村豊,68.0,49.8,32.0,15.5,18.2,17.8,16.5,15.5
栗東,20260616,火,,ビップデイジー,牝,4,松下武士,67.3,49.2,32.5,15.8,18.1,16.7,16.7,15.8
栗東,20260617,水,,ビップデイジー,牝,4,松下武士,58.5,42.2,26.8,12.9,16.3,15.4,13.9,12.9
栗東,20260619,金,,ビップデイジー,牝,4,松下武士,68.0,49.4,32.4,16.3,18.6,17.0,16.1,16.3
栗東,20260616,火,,ヒロノラメール,牡,5,宮地貴稔,63.9,46.5,30.1,15.0,17.4,16.4,15.1,15.0
栗東,20260617,水,,ヒロノラメール,牡,5,宮地貴稔,53.9,38.8,25.1,12.5,15.1,13.7,12.6,12.5
栗東,20260620,土,,ヒロノラメール,牡,5,宮地貴稔,63.0,46.2,30.7,15.4,16.8,15.5,15.3,15.4
美浦,20260619,金,,ヒロピアーナ,牡,6,石栗龍彦,65.6,48.7,31.6,15.5,16.9,17.1,16.1,15.5
美浦,20260620,土,,ヒロピアーナ,牡,6,石栗龍彦,68.3,50.6,32.6,15.8,17.7,18.0,16.8,15.8
栗東,20260616,火,,ファーヴェント,牡,5,藤原英昭,62.4,45.2,29.7,14.6,17.2,15.5,15.1,14.6
栗東,20260617,水,,ファーヴェント,牡,5,藤原英昭,53.6,38.0,24.3,11.9,15.6,13.7,12.4,11.9
栗東,20260619,金,,ファーヴェント,牡,5,藤原英昭,65.7,48.8,32.3,15.7,16.9,16.5,16.6,15.7
栗東,20260620,土,,ファーヴェント,牡,5,藤原英昭,66.1,47.1,29.9,14.3,19.0,17.2,15.6,14.3
美浦,20260616,火,,ファイアリービート,牡,3,鈴木慎太,64.6,47.3,31.0,15.3,17.3,16.3,15.7,15.3
美浦,20260619,金,,ファイアリービート,牡,3,鈴木慎太,71.1,51.8,33.2,16.2,19.3,18.6,17.0,16.2
美浦,20260620,土,,ファイアリービート,牡,3,鈴木慎太,70.7,51.3,33.2,16.3,19.4,18.1,16.9,16.3
栗東,20260616,火,,ファイナルコマンド,牡,3,東田明士,62.9,46.2,30.4,14.9,16.7,15.8,15.5,14.9
美浦,20260616,火,,ファインブライト,牡,3,佐藤吉勝,66.4,49.7,33.2,17.0,16.7,16.5,16.2,17.0
美浦,20260617,水,,ファインブライト,牡,3,佐藤吉勝,70.0,51.1,33.5,16.7,18.9,17.6,16.8,16.7
美浦,20260619,金,,ファインブライト,牡,3,佐藤吉勝,65.8,48.0,31.2,14.8,17.8,16.8,16.4,14.8
栗東,20260616,火,,ファインライン,牡,5,松永幹夫,65.0,48.1,31.8,15.5,16.9,16.3,16.3,15.5
栗東,20260616,火,,ファインライン,牡,5,松永幹夫,62.1,46.1,30.2,15.0,16.0,15.9,15.2,15.0
栗東,20260617,水,,ファインライン,牡,5,松永幹夫,52.2,37.9,24.2,11.9,14.3,13.7,12.3,11.9
栗東,20260618,木,,ファインライン,牡,5,松永幹夫,68.5,49.5,32.3,16.2,19.0,17.2,16.1,16.2
栗東,20260619,金,,ファインライン,牡,5,松永幹夫,63.1,46.7,30.8,14.9,16.4,15.9,15.9,14.9
栗東,20260620,土,,ファインライン,牡,5,松永幹夫,61.7,45.5,30.3,14.8,16.2,15.2,15.5,14.8
美浦,20260616,火,,ファンシーズ,牝,3,尾形和幸,66.3,48.8,31.7,16.1,17.5,17.1,15.6,16.1
美浦,20260619,金,,ファンシーズ,牝,3,尾形和幸,66.3,48.9,32.2,15.9,17.4,16.7,16.3,15.9
美浦,20260618,木,,ファンダム,牡,4,辻哲英,147.9,106.6,68.4,32.7,41.3,38.2,35.7,32.7
栗東,20260616,火,,フィエールシャンテ,牝,3,小椋研介,72.4,52.7,34.6,17.3,19.7,18.1,17.3,17.3
栗東,20260617,水,,フィエールシャンテ,牝,3,小椋研介,55.7,39.7,25.8,12.5,16.0,13.9,13.3,12.5
栗東,20260619,金,,フィエールシャンテ,牝,3,小椋研介,78.1,57.5,37.7,18.9,20.6,19.8,18.8,18.9
栗東,20260620,土,,フィエールシャンテ,牝,3,小椋研介,83.4,60.8,40.3,20.1,22.6,20.5,20.2,20.1
栗東,20260616,火,,フィドルファドル,牝,4,矢作芳人,65.6,47.0,30.7,15.1,18.6,16.3,15.6,15.1
栗東,20260617,水,,フィドルファドル,牝,4,矢作芳人,51.5,36.7,23.7,11.7,14.8,13.0,12.0,11.7
美浦,20260616,火,,フェーダーローター,牝,3,天間昭一,69.3,50.7,33.7,16.6,18.6,17.0,17.1,16.6
美浦,20260619,金,,フェーダーローター,牝,3,天間昭一,66.2,49.0,32.4,15.8,17.2,16.6,16.6,15.8
美浦,20260620,土,,フェーダーローター,牝,3,天間昭一,70.2,51.7,33.8,16.8,18.5,17.9,17.0,16.8
栗東,20260616,火,,ブエナオンダ,牡,5,須貝尚介,61.9,44.7,29.3,14.5,17.2,15.4,14.8,14.5
栗東,20260617,水,,ブエナオンダ,牡,5,須貝尚介,53.4,38.3,24.9,12.3,15.1,13.4,12.6,12.3
美浦,20260616,火,,フォースミラクル,牡,4,加藤征弘,69.6,51.9,34.6,17.0,17.7,17.3,17.6,17.0
美浦,20260617,水,,フォースミラクル,牡,4,加藤征弘,72.1,53.3,35.2,17.3,18.8,18.1,17.9,17.3
美浦,20260617,水,,フォースミラクル,牡,4,加藤征弘,60.0,44.6,29.1,14.9,15.4,15.5,14.2,14.9
美浦,20260620,土,,フォースミラクル,牡,4,加藤征弘,71.3,52.5,34.5,17.1,18.8,18.0,17.4,17.1
栗東,20260616,火,,フォルストランキル,牝,3,池江泰寿,63.3,45.3,29.8,14.4,18.0,15.5,15.4,14.4
栗東,20260617,水,,フォルストランキル,牝,3,池江泰寿,54.2,39.5,24.8,11.9,14.7,14.7,12.9,11.9
栗東,20260619,金,,フォルストランキル,牝,3,池江泰寿,65.1,47.5,31.2,16.0,17.6,16.3,15.2,16.0
美浦,20260616,火,,フォンドルレール,牡,3,戸田博文,69.0,50.9,33.3,16.9,18.1,17.6,16.4,16.9
美浦,20260617,水,,フォンドルレール,牡,3,戸田博文,75.4,55.3,35.5,17.6,20.1,19.8,17.9,17.6
美浦,20260619,金,,フォンドルレール,牡,3,戸田博文,68.7,50.8,33.5,17.0,17.9,17.3,16.5,17.0
美浦,20260620,土,,フォンドルレール,牡,3,戸田博文,72.3,53.6,35.9,18.2,18.7,17.7,17.7,18.2
栗東,20260616,火,,プペアンビスキュイ,牝,3,茶木太樹,65.4,46.9,30.7,15.0,18.5,16.2,15.7,15.0
栗東,20260619,金,,プペアンビスキュイ,牝,3,茶木太樹,64.3,47.2,30.7,15.0,17.1,16.5,15.7,15.0
栗東,20260620,土,,プペアンビスキュイ,牝,3,茶木太樹,65.0,46.7,30.8,15.1,18.3,15.9,15.7,15.1
栗東,20260616,火,,ブライトエンジェル,牝,3,角田晃一,64.9,48.3,31.9,15.9,16.6,16.4,16.0,15.9
栗東,20260617,水,,ブライトエンジェル,牝,3,角田晃一,54.9,39.6,25.7,12.7,15.3,13.9,13.0,12.7
栗東,20260620,土,,ブライトエンジェル,牝,3,角田晃一,65.8,48.5,31.6,15.9,17.3,16.9,15.7,15.9
美浦,20260616,火,,ブライトマン,セ,5,蛯名正義,64.3,47.4,31.0,15.0,16.9,16.4,16.0,15.0
美浦,20260617,水,,ブライトマン,セ,5,蛯名正義,67.6,49.9,32.6,16.0,17.7,17.3,16.6,16.0
美浦,20260620,土,,ブライトマン,セ,5,蛯名正義,65.3,48.2,31.4,15.5,17.1,16.8,15.9,15.5
栗東,20260617,水,,フライングブレード,牡,6,飯田祐史,54.2,39.3,25.5,12.6,14.9,13.8,12.9,12.6
美浦,20260619,金,,ブラウンラチェット,牝,4,手塚貴久,68.5,50.4,32.7,16.2,18.1,17.7,16.5,16.2
栗東,20260616,火,,フラッシング,牡,5,牧浦充徳,63.1,47.1,31.2,15.5,16.0,15.9,15.7,15.5
栗東,20260617,水,,フラッシング,牡,5,牧浦充徳,55.4,39.6,25.7,12.8,15.8,13.9,12.9,12.8
栗東,20260616,火,,フランヴィア,牝,2,庄野靖志,64.4,47.3,30.4,14.8,17.1,16.9,15.6,14.8
栗東,20260617,水,,フランヴィア,牝,2,庄野靖志,53.7,39.2,25.2,12.8,14.5,14.0,12.4,12.8
栗東,20260619,金,,フランヴィア,牝,2,庄野靖志,70.0,51.7,33.7,17.3,18.3,18.0,16.4,17.3
栗東,20260620,土,,フランヴィア,牝,2,庄野靖志,74.0,54.6,36.0,17.6,19.4,18.6,18.4,17.6
美浦,20260616,火,,ブルーサーマル,牝,3,池上昌和,63.4,46.5,30.4,15.3,16.9,16.1,15.1,15.3
美浦,20260619,金,,ブルーサーマル,牝,3,池上昌和,68.6,50.5,33.5,16.0,18.1,17.0,17.5,16.0
美浦,20260616,火,,ブルージンジャー,牝,3,矢嶋大樹,65.8,48.0,31.3,15.6,17.8,16.7,15.7,15.6
美浦,20260619,金,,ブルージンジャー,牝,3,矢嶋大樹,69.2,50.9,33.9,17.3,18.3,17.0,16.6,17.3
美浦,20260620,土,,ブルージンジャー,牝,3,矢嶋大樹,70.6,52.0,34.5,16.9,18.6,17.5,17.6,16.9
栗東,20260617,水,,フルーツバスケット,牡,2,前川恭子,54.1,39.6,25.5,12.6,14.5,14.1,12.9,12.6
栗東,20260616,火,,ブレイクガール,牝,2,武幸四郎,67.3,49.3,32.2,15.9,18.0,17.1,16.3,15.9
栗東,20260620,土,,ブレイクガール,牝,2,武幸四郎,65.2,47.1,30.9,15.4,18.1,16.2,15.5,15.4
栗東,20260616,火,,ペイシャモノノフ,牡,6,畑端省吾,71.3,52.1,34.6,17.4,19.2,17.5,17.2,17.4
栗東,20260616,火,,ペイシャモノノフ,牡,6,畑端省吾,66.3,48.1,31.5,15.7,18.2,16.6,15.8,15.7
栗東,20260617,水,,ペイシャモノノフ,牡,6,畑端省吾,54.9,38.7,25.1,12.5,16.2,13.6,12.6,12.5
栗東,20260619,金,,ペイシャモノノフ,牡,6,畑端省吾,71.6,52.9,35.1,16.8,18.7,17.8,18.3,16.8
栗東,20260619,金,,ペイシャモノノフ,牡,6,畑端省吾,69.3,50.6,33.0,15.9,18.7,17.6,17.1,15.9
栗東,20260620,土,,ペイシャモノノフ,牡,6,畑端省吾,67.4,48.7,31.8,15.5,18.7,16.9,16.3,15.5
美浦,20260616,火,,ヘクトルテソーロ,牡,3,畠山吉宏,70.8,51.4,33.4,16.9,19.4,18.0,16.5,16.9
美浦,20260619,金,,ヘクトルテソーロ,牡,3,畠山吉宏,68.5,49.8,33.2,17.2,18.7,16.6,16.0,17.2
美浦,20260620,土,,ヘクトルテソーロ,牡,3,畠山吉宏,62.3,45.8,29.9,15.1,16.5,15.9,14.8,15.1
栗東,20260616,火,,ペコリズム,牝,3,森田直行,66.5,48.7,32.4,16.6,17.8,16.3,15.8,16.6
栗東,20260617,水,,ペコリズム,牝,3,森田直行,54.9,38.8,25.1,12.7,16.1,13.7,12.4,12.7
栗東,20260620,土,,ペコリズム,牝,3,森田直行,66.8,50.2,33.1,16.2,16.6,17.1,16.9,16.2
栗東,20260616,火,,ベストレイク,牝,3,小崎憲,66.0,47.6,30.8,15.8,18.4,16.8,15.0,15.8
栗東,20260617,水,,ベストレイク,牝,3,小崎憲,55.7,39.7,24.5,11.9,16.0,15.2,12.6,11.9
栗東,20260619,金,,ベストレイク,牝,3,小崎憲,64.4,48.3,31.7,15.3,16.1,16.6,16.4,15.3
栗東,20260617,水,,ベルシュヴァル,牝,3,中村直也,52.4,38.1,24.7,12.2,14.3,13.4,12.5,12.2
栗東,20260619,金,,ベルシュヴァル,牝,3,中村直也,65.4,48.3,31.9,15.9,17.1,16.4,16.0,15.9
栗東,20260620,土,,ベルシュヴァル,牝,3,中村直也,66.7,49.4,32.7,16.2,17.3,16.7,16.5,16.2
栗東,20260616,火,,ベルドゥニュイ,牝,3,矢作芳人,64.9,47.7,31.6,15.9,17.2,16.1,15.7,15.9
栗東,20260617,水,,ベルドゥニュイ,牝,3,矢作芳人,53.9,39.5,26.0,13.1,14.4,13.5,12.9,13.1
栗東,20260619,金,,ベルドゥニュイ,牝,3,矢作芳人,59.3,43.9,28.0,13.8,15.4,15.9,14.2,13.8
美浦,20260616,火,,ペロ,牡,5,浅利英明,67.0,49.7,32.6,16.4,17.3,17.1,16.2,16.4
美浦,20260617,水,,ペロ,牡,5,浅利英明,65.1,48.3,31.3,14.9,16.8,17.0,16.4,14.9
美浦,20260620,土,,ペロ,牡,5,浅利英明,67.8,49.3,31.9,15.6,18.5,17.4,16.3,15.6
美浦,20260616,火,,ホウオウビリーヴ,牡,2,木村哲也,71.0,52.5,34.5,17.1,18.5,18.0,17.4,17.1
美浦,20260619,金,,ホウオウビリーヴ,牡,2,木村哲也,71.6,52.9,35.0,17.3,18.7,17.9,17.7,17.3
美浦,20260620,土,,ホウオウビリーヴ,牡,2,木村哲也,70.9,51.9,33.9,16.8,19.0,18.0,17.1,16.8
栗東,20260618,木,,ボールドペイト,牡,3,千田輝彦,66.0,48.8,32.4,16.0,17.2,16.4,16.4,16.0
栗東,20260619,金,,ボールドペイト,牡,3,千田輝彦,70.5,51.2,33.2,16.5,19.3,18.0,16.7,16.5
栗東,20260620,土,,ボールドペイト,牡,3,千田輝彦,70.2,51.5,33.7,16.5,18.7,17.8,17.2,16.5
栗東,20260616,火,,ホールネス,牝,6,藤原英昭,66.1,48.4,31.6,15.1,17.7,16.8,16.5,15.1
栗東,20260619,金,,ホールネス,牝,6,藤原英昭,62.2,44.8,28.9,13.8,17.4,15.9,15.1,13.8
栗東,20260616,火,,ボーントゥウォリア,牡,3,奥村豊,68.4,50.2,32.9,16.2,18.2,17.3,16.7,16.2
栗東,20260619,金,,ボーントゥウォリア,牡,3,奥村豊,65.3,48.9,32.3,16.3,16.4,16.6,16.0,16.3
栗東,20260620,土,,ボーントゥウォリア,牡,3,奥村豊,67.0,48.6,31.4,15.8,18.4,17.2,15.6,15.8
栗東,20260616,火,,ボッチョ,牝,3,石坂公一,65.1,47.5,31.2,15.2,17.6,16.3,16.0,15.2
栗東,20260617,水,,ボッチョ,牝,3,石坂公一,57.7,41.7,27.6,14.0,16.0,14.1,13.6,14.0
栗東,20260619,金,,ボッチョ,牝,3,石坂公一,64.7,47.6,31.1,15.4,17.1,16.5,15.7,15.4
栗東,20260620,土,,ボッチョ,牝,3,石坂公一,68.8,49.6,32.4,16.1,19.2,17.2,16.3,16.1
栗東,20260616,火,,ポッドドンナー,牡,4,辻野泰之,62.2,45.6,29.4,14.2,16.6,16.2,15.2,14.2
栗東,20260617,水,,ポッドドンナー,牡,4,辻野泰之,55.9,40.8,26.1,13.0,15.1,14.7,13.1,13.0
栗東,20260619,金,,ポッドドンナー,牡,4,辻野泰之,61.0,44.4,28.8,14.6,16.6,15.6,14.2,14.6
美浦,20260620,土,,ポッドロルフ,牡,4,小野次郎,67.3,50.7,33.9,17.1,16.6,16.8,16.8,17.1
栗東,20260616,火,,マーゴットマシェリ,牝,2,小林真也,68.0,49.3,32.3,16.1,18.7,17.0,16.2,16.1
栗東,20260619,金,,マーゴットマシェリ,牝,2,小林真也,67.8,49.3,32.7,16.2,18.5,16.6,16.5,16.2
栗東,20260619,金,,マイカラー,牡,3,吉岡辰弥,63.8,47.4,31.2,15.5,16.4,16.2,15.7,15.5
栗東,20260620,土,,マイカラー,牡,3,吉岡辰弥,64.8,47.1,30.7,14.9,17.7,16.4,15.8,14.9
美浦,20260616,火,,マイネルシュラハト,牡,3,畠山吉宏,62.0,45.7,30.0,15.0,16.3,15.7,15.0,15.0
美浦,20260617,水,,マイネルシュラハト,牡,3,畠山吉宏,66.9,49.3,32.7,16.3,17.6,16.6,16.4,16.3
美浦,20260620,土,,マイネルシュラハト,牡,3,畠山吉宏,67.1,49.1,31.9,15.7,18.0,17.2,16.2,15.7
美浦,20260616,火,,マイネルリコルディ,牡,2,青木孝文,65.4,48.5,31.6,15.6,16.9,16.9,16.0,15.6
美浦,20260619,金,,マイネルリコルディ,牡,2,青木孝文,65.7,48.8,32.1,15.9,16.9,16.7,16.2,15.9
栗東,20260617,水,,マイベスティー,牡,3,高橋亮,52.9,38.8,25.3,12.8,14.1,13.5,12.5,12.8
美浦,20260616,火,,マカナ,牝,4,伊藤大士,63.5,47.3,31.2,15.3,16.2,16.1,15.9,15.3
美浦,20260620,土,,マカナ,牝,4,伊藤大士,61.9,45.8,30.1,14.9,16.1,15.7,15.2,14.9
美浦,20260616,火,,マジッククッキー,牡,3,加藤士津,63.3,47.0,31.0,15.3,16.3,16.0,15.7,15.3
美浦,20260617,水,,マジッククッキー,牡,3,加藤士津,55.4,40.5,26.3,12.8,14.9,14.2,13.5,12.8
美浦,20260619,金,,マジッククッキー,牡,3,加藤士津,63.3,47.0,30.9,15.4,16.3,16.1,15.5,15.4
美浦,20260620,土,,マジッククッキー,牡,3,加藤士津,62.6,46.6,30.8,15.0,16.0,15.8,15.8,15.0
美浦,20260616,火,,マツリダイコ,牝,3,黒岩陽一,60.7,44.2,29.3,14.6,16.5,14.9,14.7,14.6
美浦,20260619,金,,マツリダイコ,牝,3,黒岩陽一,64.4,46.6,29.6,14.7,17.8,17.0,14.9,14.7
栗東,20260616,火,,マティンデ,牝,3,清水久詞,69.9,50.7,32.7,16.0,19.2,18.0,16.7,16.0
栗東,20260617,水,,マティンデ,牝,3,清水久詞,57.2,41.2,26.6,12.9,16.0,14.6,13.7,12.9
栗東,20260617,水,,マテンロウブラボー,牡,5,野中賢二,55.4,41.1,26.2,12.0,14.3,14.9,14.2,12.0
栗東,20260619,金,,マテンロウブラボー,牡,5,野中賢二,67.5,48.7,32.1,15.8,18.8,16.6,16.3,15.8
美浦,20260616,火,,マニス,牝,4,畠山吉宏,62.7,45.5,29.7,14.6,17.2,15.8,15.1,14.6
美浦,20260619,金,,マニス,牝,4,畠山吉宏,66.7,49.1,32.2,15.8,17.6,16.9,16.4,15.8
美浦,20260620,土,,マニス,牝,4,畠山吉宏,65.7,48.4,32.0,16.1,17.3,16.4,15.9,16.1
栗東,20260616,火,,マヤノイマジン,牝,3,矢作芳人,64.8,47.6,31.5,15.8,17.2,16.1,15.7,15.8
栗東,20260617,水,,マヤノイマジン,牝,3,矢作芳人,54.2,39.6,26.6,13.9,14.6,13.0,12.7,13.9
栗東,20260619,金,,マヤノイマジン,牝,3,矢作芳人,64.3,47.1,30.5,15.0,17.2,16.6,15.5,15.0
栗東,20260620,土,,マヤノイマジン,牝,3,矢作芳人,64.1,46.3,30.2,15.2,17.8,16.1,15.0,15.2
美浦,20260616,火,,ミアネーロ,牝,5,林徹,58.2,43.7,28.7,13.9,14.5,15.0,14.8,13.9
美浦,20260619,金,,ミアネーロ,牝,5,林徹,62.4,46.4,30.3,14.9,16.0,16.1,15.4,14.9
美浦,20260620,土,,ミアネーロ,牝,5,林徹,66.9,49.8,33.0,15.8,17.1,16.8,17.2,15.8
栗東,20260616,火,,ミエルモーサ,牝,2,松下武士,67.3,48.9,31.7,15.3,18.4,17.2,16.4,15.3
栗東,20260617,水,,ミエルモーサ,牝,2,松下武士,53.9,38.6,25.2,12.5,15.3,13.4,12.7,12.5
栗東,20260619,金,,ミエルモーサ,牝,2,松下武士,68.9,51.0,33.8,16.8,17.9,17.2,17.0,16.8
栗東,20260616,火,,ミカエルパシャ,牡,5,橋口慎介,61.7,44.0,28.9,14.3,17.7,15.1,14.6,14.3
栗東,20260617,水,,ミカエルパシャ,牡,5,橋口慎介,77.9,53.9,34.2,16.8,24.0,19.7,17.4,16.8
栗東,20260620,土,,ミカエルパシャ,牡,5,橋口慎介,71.6,50.4,32.1,15.8,21.2,18.3,16.3,15.8
栗東,20260616,火,,ミスティパープル,牝,3,茶木太樹,64.6,47.8,31.6,15.5,16.8,16.2,16.1,15.5
栗東,20260619,金,,ミスティパープル,牝,3,茶木太樹,67.1,49.3,32.2,15.7,17.8,17.1,16.5,15.7
栗東,20260620,土,,ミスティパープル,牝,3,茶木太樹,64.9,47.5,31.1,15.7,17.4,16.4,15.4,15.7
栗東,20260616,火,,ミニトランザット,牡,4,杉山佳明,63.8,46.7,30.5,15.2,17.1,16.2,15.3,15.2
栗東,20260617,水,,ミニトランザット,牡,4,杉山佳明,54.8,39.6,25.0,12.5,15.2,14.6,12.5,12.5
栗東,20260616,火,,ミヤノラングリー,牡,3,石橋守,67.0,49.7,33.1,16.6,17.3,16.6,16.5,16.6
栗東,20260617,水,,ミヤノラングリー,牡,3,石橋守,53.0,38.6,25.0,12.2,14.4,13.6,12.8,12.2
栗東,20260619,金,,ミヤノラングリー,牡,3,石橋守,67.1,49.9,33.0,16.4,17.2,16.9,16.6,16.4
栗東,20260620,土,,ミヤノラングリー,牡,3,石橋守,65.5,47.9,31.4,15.5,17.6,16.5,15.9,15.5
栗東,20260616,火,,ムーンライトダイヤ,牝,3,河嶋宏樹,67.5,50.4,33.4,16.8,17.1,17.0,16.6,16.8
栗東,20260616,火,,ムソウテンセイ,牡,3,鈴木孝志,66.0,48.3,31.8,15.8,17.7,16.5,16.0,15.8
栗東,20260617,水,,ムソウテンセイ,牡,3,鈴木孝志,53.4,39.4,25.9,13.3,14.0,13.5,12.6,13.3
栗東,20260620,土,,ムソウテンセイ,牡,3,鈴木孝志,62.6,46.3,30.7,15.3,16.3,15.6,15.4,15.3
栗東,20260616,火,,メイケイリチャード,牡,2,中竹和也,70.3,51.2,33.9,17.0,19.1,17.3,16.9,17.0
栗東,20260617,水,,メイケイリチャード,牡,2,中竹和也,72.0,53.4,35.6,18.0,18.6,17.8,17.6,18.0
栗東,20260618,木,,メイケイリチャード,牡,2,中竹和也,52.8,38.2,24.9,12.8,14.6,13.3,12.1,12.8
栗東,20260616,火,,メイショウシナノ,牡,6,大橋勇樹,67.5,51.1,33.9,16.9,16.4,17.2,17.0,16.9
栗東,20260619,金,,メイショウシナノ,牡,6,大橋勇樹,69.2,51.6,34.1,16.7,17.6,17.5,17.4,16.7
栗東,20260616,火,,メイショウシンタケ,牡,8,千田輝彦,69.0,49.5,31.5,15.1,19.5,18.0,16.4,15.1
栗東,20260619,金,,メイショウシンタケ,牡,8,千田輝彦,68.0,48.5,31.1,15.0,19.5,17.4,16.1,15.0
栗東,20260620,土,,メイショウシンタケ,牡,8,千田輝彦,66.2,47.9,30.7,15.2,18.3,17.2,15.5,15.2
栗東,20260616,火,,メイショウナナユキ,牝,3,牧浦充徳,62.9,46.5,30.6,15.4,16.4,15.9,15.2,15.4
栗東,20260617,水,,メイショウナナユキ,牝,3,牧浦充徳,59.2,42.6,28.1,14.2,16.6,14.5,13.9,14.2
栗東,20260616,火,,メイショウバルキア,牝,3,渡辺薫彦,65.0,46.5,30.1,14.8,18.5,16.4,15.3,14.8
栗東,20260617,水,,メイショウバルキア,牝,3,渡辺薫彦,54.2,39.8,25.7,12.7,14.4,14.1,13.0,12.7
栗東,20260619,金,,メイショウバルキア,牝,3,渡辺薫彦,65.6,47.9,31.7,15.6,17.7,16.2,16.1,15.6
栗東,20260616,火,,メイショウピリカ,牝,4,本田優,69.6,49.8,33.2,16.6,19.8,16.6,16.6,16.6
栗東,20260616,火,,メイショウマントル,牡,8,安達昭夫,64.5,47.1,31.1,15.3,17.4,16.0,15.8,15.3
栗東,20260617,水,,メイショウマントル,牡,8,安達昭夫,56.1,41.0,26.6,13.3,15.1,14.4,13.3,13.3
栗東,20260619,金,,メイショウマントル,牡,8,安達昭夫,68.9,49.1,31.6,15.1,19.8,17.5,16.5,15.1
栗東,20260620,土,,メイショウマントル,牡,8,安達昭夫,67.3,50.1,33.0,16.5,17.2,17.1,16.5,16.5
美浦,20260616,火,,メタルスピード,牡,6,斎藤誠,63.9,47.2,31.2,15.7,16.7,16.0,15.5,15.7
美浦,20260619,金,,モートンアイランド,牝,3,手塚貴久,71.2,52.1,34.2,17.0,19.1,17.9,17.2,17.0
栗東,20260616,火,,モチモチチャン,牝,3,西村真幸,66.4,47.9,30.1,14.5,18.5,17.8,15.6,14.5
美浦,20260616,火,,モロノラピド,牡,3,田中勝春,62.4,45.3,29.9,15.0,17.1,15.4,14.9,15.0
美浦,20260619,金,,モロノラピド,牡,3,田中勝春,64.7,47.8,31.3,15.8,16.9,16.5,15.5,15.8
栗東,20260616,火,,モンシェリ,牝,5,牧田和弥,64.5,46.6,30.4,15.0,17.9,16.2,15.4,15.0
栗東,20260617,水,,モンシェリ,牝,5,牧田和弥,53.7,38.8,24.9,12.4,14.9,13.9,12.5,12.4
栗東,20260619,金,,モンシェリ,牝,5,牧田和弥,64.5,46.8,31.1,15.2,17.7,15.7,15.9,15.2
美浦,20260616,火,,モンスターラッシュ,牡,3,高木登,70.8,53.5,35.5,17.7,17.3,18.0,17.8,17.7
美浦,20260617,水,,モンスターラッシュ,牡,3,高木登,54.6,39.3,25.4,13.0,15.3,13.9,12.4,13.0
美浦,20260619,金,,モンスターラッシュ,牡,3,高木登,69.9,52.0,34.3,17.0,17.9,17.7,17.3,17.0
美浦,20260620,土,,モンスターラッシュ,牡,3,高木登,70.9,51.8,33.9,17.0,19.1,17.9,16.9,17.0
美浦,20260616,火,,モンドデラモーレ,牡,4,千葉直人,68.2,50.6,32.5,15.3,17.6,18.1,17.2,15.3
美浦,20260617,水,,モンドデラモーレ,牡,4,千葉直人,64.1,45.3,29.0,14.1,18.8,16.3,14.9,14.1
美浦,20260620,土,,モンドデラモーレ,牡,4,千葉直人,72.1,51.2,33.1,16.2,20.9,18.1,16.9,16.2
美浦,20260616,火,,ヤマメナイト,牡,3,田島俊明,69.9,50.8,33.8,17.3,19.1,17.0,16.5,17.3
美浦,20260619,金,,ヤマメナイト,牡,3,田島俊明,67.4,49.1,31.8,15.7,18.3,17.3,16.1,15.7
美浦,20260620,土,,ヤマメナイト,牡,3,田島俊明,70.7,50.1,32.0,15.8,20.6,18.1,16.2,15.8
美浦,20260619,金,,ユイノサダハル,牡,3,古賀慎明,62.1,45.6,29.6,14.7,16.5,16.0,14.9,14.7
栗東,20260617,水,,ユハンヌス,牡,6,大久保龍,52.2,38.8,25.9,12.8,13.4,12.9,13.1,12.8
美浦,20260616,火,,ラーテル,セ,6,室井潔,66.1,48.0,31.9,15.5,18.1,16.1,16.4,15.5
美浦,20260619,金,,ラーテル,セ,6,室井潔,68.7,49.6,32.3,15.8,19.1,17.3,16.5,15.8
栗東,20260616,火,,ラーンザロープス,牝,5,武幸四郎,64.0,47.4,31.1,15.4,16.6,16.3,15.7,15.4
栗東,20260617,水,,ラーンザロープス,牝,5,武幸四郎,53.9,39.1,25.0,12.5,14.8,14.1,12.5,12.5
栗東,20260619,金,,ラーンザロープス,牝,5,武幸四郎,65.1,48.5,32.2,16.6,16.6,16.3,15.6,16.6
美浦,20260616,火,,ライジンマル,セ,5,竹内正洋,66.4,49.9,33.0,16.0,16.5,16.9,17.0,16.0
美浦,20260620,土,,ライジンマル,セ,5,竹内正洋,68.6,51.5,35.1,17.2,17.1,16.4,17.9,17.2
美浦,20260616,火,,ライトアファイア,牡,3,伊藤圭三,67.4,49.4,32.0,15.5,18.0,17.4,16.5,15.5
美浦,20260619,金,,ライトアファイア,牡,3,伊藤圭三,64.3,46.8,30.5,14.7,17.5,16.3,15.8,14.7
美浦,20260620,土,,ライトアファイア,牡,3,伊藤圭三,65.8,48.1,31.4,15.4,17.7,16.7,16.0,15.4
栗東,20260616,火,,ライトオブヌカタ,牡,3,上村洋行,63.7,46.4,30.3,15.0,17.3,16.1,15.3,15.0
栗東,20260617,水,,ライトオブヌカタ,牡,3,上村洋行,54.0,39.0,25.5,12.6,15.0,13.5,12.9,12.6
栗東,20260619,金,,ライトオブヌカタ,牡,3,上村洋行,64.8,46.4,30.2,14.9,18.4,16.2,15.3,14.9
美浦,20260616,火,,ライネリーベ,牝,4,木村哲也,71.4,52.7,34.4,17.0,18.7,18.3,17.4,17.0
美浦,20260619,金,,ライネリーベ,牝,4,木村哲也,71.7,52.2,34.1,16.7,19.5,18.1,17.4,16.7
美浦,20260620,土,,ライネリーベ,牝,4,木村哲也,68.6,49.5,31.9,15.6,19.1,17.6,16.3,15.6
美浦,20260616,火,,ラガリーガ,牡,2,手塚貴久,65.8,48.9,32.2,16.4,16.9,16.7,15.8,16.4
美浦,20260619,金,,ラガリーガ,牡,2,手塚貴久,67.0,49.7,33.1,16.2,17.3,16.6,16.9,16.2
栗東,20260616,火,,ラッキーシグネチャ,牝,3,矢作芳人,64.8,47.7,31.6,15.9,17.1,16.1,15.7,15.9
栗東,20260617,水,,ラッキーシグネチャ,牝,3,矢作芳人,54.8,39.7,26.3,13.4,15.1,13.4,12.9,13.4
栗東,20260619,金,,ラッキーシグネチャ,牝,3,矢作芳人,65.2,47.8,31.6,15.8,17.4,16.2,15.8,15.8
栗東,20260620,土,,ラッキーシグネチャ,牝,3,矢作芳人,65.3,48.3,31.7,15.8,17.0,16.6,15.9,15.8
栗東,20260616,火,,ラッキーバック,牡,3,西村真幸,62.2,44.0,26.9,12.9,18.2,17.1,14.0,12.9
栗東,20260617,水,,ラッキーバック,牡,3,西村真幸,54.3,39.3,26.0,13.2,15.0,13.3,12.8,13.2
美浦,20260616,火,,ラッキーモア,牡,3,尾関知人,65.6,49.0,32.0,16.2,16.6,17.0,15.8,16.2
美浦,20260620,土,,ラッキーモア,牡,3,尾関知人,66.9,50.0,32.9,16.3,16.9,17.1,16.6,16.3
栗東,20260616,火,,ラピス,牝,3,安田翔伍,61.9,45.7,30.3,15.1,16.2,15.4,15.2,15.1
美浦,20260616,火,,ラベルセーヌ,牝,3,鹿戸雄一,60.4,44.1,28.7,14.1,16.3,15.4,14.6,14.1
美浦,20260619,金,,ラベルセーヌ,牝,3,鹿戸雄一,58.9,43.4,28.5,14.1,15.5,14.9,14.4,14.1
美浦,20260616,火,,ラルガメンテ,牝,4,尾関知人,68.6,50.8,33.6,16.0,17.8,17.2,17.6,16.0
美浦,20260620,土,,ラルガメンテ,牝,4,尾関知人,71.2,52.5,34.9,17.2,18.7,17.6,17.7,17.2
栗東,20260616,火,,ラルス,牡,3,吉田直弘,65.9,47.2,30.8,15.4,18.7,16.4,15.4,15.4
栗東,20260617,水,,ラルス,牡,3,吉田直弘,69.6,50.4,33.2,16.3,19.2,17.2,16.9,16.3
栗東,20260620,土,,ラルス,牡,3,吉田直弘,74.9,53.7,35.3,17.5,21.2,18.4,17.8,17.5
栗東,20260616,火,,リアライズブルーム,牝,3,須貝尚介,62.7,45.5,29.0,14.1,17.2,16.5,14.9,14.1
栗東,20260617,水,,リアライズブルーム,牝,3,須貝尚介,52.1,38.1,25.1,12.5,14.0,13.0,12.6,12.5
栗東,20260619,金,,リアライズブルーム,牝,3,須貝尚介,65.2,47.4,30.5,14.7,17.8,16.9,15.8,14.7
栗東,20260620,土,,リアライズブルーム,牝,3,須貝尚介,65.7,47.3,30.7,15.2,18.4,16.6,15.5,15.2
栗東,20260616,火,,リオンプライム,牝,4,鈴木孝志,65.7,48.4,31.2,15.0,17.3,17.2,16.2,15.0
栗東,20260617,水,,リオンプライム,牝,4,鈴木孝志,54.1,39.4,25.4,12.5,14.7,14.0,12.9,12.5
栗東,20260619,金,,リオンプライム,牝,4,鈴木孝志,66.0,48.4,31.8,15.9,17.6,16.6,15.9,15.9
栗東,20260620,土,,リオンプライム,牝,4,鈴木孝志,66.1,47.6,30.8,14.9,18.5,16.8,15.9,14.9
美浦,20260616,火,,リケアマカロニ,牝,3,小野次郎,65.8,48.3,32.1,16.6,17.5,16.2,15.5,16.6
美浦,20260619,金,,リケアマカロニ,牝,3,小野次郎,68.6,50.4,33.1,16.3,18.2,17.3,16.8,16.3
美浦,20260620,土,,リケアマカロニ,牝,3,小野次郎,69.9,50.5,33.8,17.1,19.4,16.7,16.7,17.1
栗東,20260616,火,,リントゥラウル,牡,3,秋山真一,68.9,48.9,32.1,16.1,20.0,16.8,16.0,16.1
栗東,20260619,金,,リントゥラウル,牡,3,秋山真一,70.0,49.7,33.3,16.1,20.3,16.4,17.2,16.1
栗東,20260620,土,,リントゥラウル,牡,3,秋山真一,66.6,48.6,32.1,16.1,18.0,16.5,16.0,16.1
栗東,20260616,火,,ルージュスプリヤ,牝,3,斉藤崇史,68.5,48.8,31.6,15.6,19.7,17.2,16.0,15.6
栗東,20260617,水,,ルージュスプリヤ,牝,3,斉藤崇史,55.2,39.1,24.8,11.8,16.1,14.3,13.0,11.8
栗東,20260619,金,,ルージュスプリヤ,牝,3,斉藤崇史,69.3,50.1,33.0,16.6,19.2,17.1,16.4,16.6
栗東,20260620,土,,ルージュスプリヤ,牝,3,斉藤崇史,71.8,51.4,33.3,16.0,20.4,18.1,17.3,16.0
栗東,20260616,火,,ルージュソリテール,牝,4,藤原英昭,54.9,40.2,26.9,13.5,14.7,13.3,13.4,13.5
栗東,20260619,金,,ルージュソリテール,牝,4,藤原英昭,64.5,47.4,30.9,15.4,17.1,16.5,15.5,15.4
美浦,20260619,金,,ルージュミレネール,牝,4,古賀慎明,61.9,45.1,29.3,14.2,16.8,15.8,15.1,14.2
栗東,20260616,火,,ルクスディグニティ,牡,3,昆貢,66.1,47.9,31.2,14.7,18.2,16.7,16.5,14.7
栗東,20260619,金,,ルクスディグニティ,牡,3,昆貢,68.7,50.6,32.5,16.4,18.1,18.1,16.1,16.4
栗東,20260616,火,,ルクスビッグスター,牡,6,清水久詞,64.9,47.0,31.5,16.3,17.9,15.5,15.2,16.3
栗東,20260617,水,,ルクスビッグスター,牡,6,清水久詞,52.2,37.8,24.7,12.2,14.4,13.1,12.5,12.2
栗東,20260616,火,,ルクスフレンジー,牡,4,松永幹夫,64.8,48.2,31.3,15.8,16.6,16.9,15.5,15.8
栗東,20260617,水,,ルクスフレンジー,牡,4,松永幹夫,53.8,38.6,24.5,12.2,15.2,14.1,12.3,12.2
栗東,20260619,金,,ルクスフレンジー,牡,4,松永幹夫,62.6,46.4,30.9,15.2,16.2,15.5,15.7,15.2
栗東,20260620,土,,ルクスフレンジー,牡,4,松永幹夫,67.3,49.1,32.0,16.1,18.2,17.1,15.9,16.1
美浦,20260616,火,,レイズテンペスト,牡,3,中川公成,66.3,48.8,31.5,15.6,17.5,17.3,15.9,15.6
美浦,20260619,金,,レイズテンペスト,牡,3,中川公成,64.8,48.2,31.6,15.5,16.6,16.6,16.1,15.5
栗東,20260616,火,,レイデアルマス,牡,2,杉山佳明,61.8,46.2,30.5,15.5,15.6,15.7,15.0,15.5
栗東,20260617,水,,レイデアルマス,牡,2,杉山佳明,54.0,39.1,25.3,12.5,14.9,13.8,12.8,12.5
栗東,20260616,火,,レイノルズナンバー,牡,3,大久保龍,65.3,48.6,32.0,16.0,16.7,16.6,16.0,16.0
栗東,20260619,金,,レイノルズナンバー,牡,3,大久保龍,63.7,46.0,29.7,14.8,17.7,16.3,14.9,14.8
美浦,20260616,火,,レイランディ,牡,3,古賀慎明,64.4,47.8,31.4,15.3,16.6,16.4,16.1,15.3
美浦,20260617,水,,レイランディ,牡,3,古賀慎明,55.8,40.9,26.9,13.3,14.9,14.0,13.6,13.3
美浦,20260619,金,,レイランディ,牡,3,古賀慎明,60.6,44.3,28.9,14.6,16.3,15.4,14.3,14.6
栗東,20260616,火,,レヴァンテシチー,牡,4,柴田卓,65.4,48.3,32.1,15.9,17.1,16.2,16.2,15.9
栗東,20260617,水,,レヴァンテシチー,牡,4,柴田卓,55.0,40.3,26.0,12.5,14.7,14.3,13.5,12.5
栗東,20260619,金,,レヴァンテシチー,牡,4,柴田卓,65.0,48.3,32.3,16.2,16.7,16.0,16.1,16.2
栗東,20260620,土,,レヴァンテシチー,牡,4,柴田卓,68.9,50.4,32.8,16.3,18.5,17.6,16.5,16.3
栗東,20260616,火,,レーヴドリュヌ,牝,3,宮本博,62.6,46.2,30.6,15.0,16.4,15.6,15.6,15.0
栗東,20260617,水,,レーヴドリュヌ,牝,3,宮本博,53.5,38.2,24.3,12.4,15.3,13.9,11.9,12.4
栗東,20260619,金,,レーヴドリュヌ,牝,3,宮本博,60.9,44.2,28.3,14.0,16.7,15.9,14.3,14.0
栗東,20260620,土,,レーヴドリュヌ,牝,3,宮本博,62.4,46.4,30.2,14.9,16.0,16.2,15.3,14.9
美浦,20260616,火,,レッドキングリー,牡,4,木村哲也,67.8,49.8,32.7,16.0,18.0,17.1,16.7,16.0
美浦,20260619,金,,レッドキングリー,牡,4,木村哲也,75.5,54.8,35.9,17.4,20.7,18.9,18.5,17.4
美浦,20260620,土,,レッドキングリー,牡,4,木村哲也,77.3,57.0,37.3,18.6,20.3,19.7,18.7,18.6
栗東,20260619,金,,レッドフレーザー,牡,3,矢作芳人,64.7,47.9,32.0,15.9,16.8,15.9,16.1,15.9
栗東,20260620,土,,レッドフレーザー,牡,3,矢作芳人,68.3,48.9,32.2,16.2,19.4,16.7,16.0,16.2
栗東,20260616,火,,レッドリベルタ,牡,5,庄野靖志,68.8,49.8,32.5,15.7,19.0,17.3,16.8,15.7
栗東,20260617,水,,レッドリベルタ,牡,5,庄野靖志,54.7,39.8,25.4,12.9,14.9,14.4,12.5,12.9
栗東,20260620,土,,レッドリベルタ,牡,5,庄野靖志,65.3,48.0,32.1,16.5,17.3,15.9,15.6,16.5
美浦,20260616,火,,ローズブーケ,牝,3,鈴木伸尋,66.4,48.7,31.5,15.5,17.7,17.2,16.0,15.5
美浦,20260619,金,,ローズブーケ,牝,3,鈴木伸尋,71.5,51.8,34.1,17.3,19.7,17.7,16.8,17.3
美浦,20260620,土,,ローズブーケ,牝,3,鈴木伸尋,68.8,50.2,32.7,16.2,18.6,17.5,16.5,16.2
栗東,20260616,火,,ロードガレリア,牡,4,藤岡健一,64.1,47.0,30.8,15.3,17.1,16.2,15.5,15.3
栗東,20260619,金,,ロードガレリア,牡,4,藤岡健一,60.8,45.2,29.8,14.9,15.6,15.4,14.9,14.9
美浦,20260619,金,,ロードトライデント,牡,3,千葉直人,66.0,48.3,31.4,15.5,17.7,16.9,15.9,15.5
美浦,20260620,土,,ロードトライデント,牡,3,千葉直人,64.5,47.4,30.9,14.8,17.1,16.5,16.1,14.8
美浦,20260616,火,,ロードリュイール,牡,3,田中博康,61.1,44.1,28.6,14.2,17.0,15.5,14.4,14.2
美浦,20260617,水,,ロードリュイール,牡,3,田中博康,63.6,46.7,30.1,14.8,16.9,16.6,15.3,14.8
美浦,20260620,土,,ロードリュイール,牡,3,田中博康,61.6,44.8,29.0,14.4,16.8,15.8,14.6,14.4
栗東,20260616,火,,ロカヒ,牡,4,飯田祐史,64.5,46.1,30.1,14.8,18.4,16.0,15.3,14.8
栗東,20260617,水,,ロカヒ,牡,4,飯田祐史,55.2,38.5,23.5,11.6,16.7,15.0,11.9,11.6
栗東,20260619,金,,ロカヒ,牡,4,飯田祐史,68.4,48.7,30.7,14.8,19.7,18.0,15.9,14.8
栗東,20260620,土,,ロカヒ,牡,4,飯田祐史,73.4,51.2,32.1,15.5,22.2,19.1,16.6,15.5
美浦,20260616,火,,ロックユアライフ,牝,3,田中博康,61.5,45.7,29.9,15.1,15.8,15.8,14.8,15.1
美浦,20260620,土,,ロックユアライフ,牝,3,田中博康,60.9,43.7,27.7,13.8,17.2,16.0,13.9,13.8
美浦,20260616,火,,ロフティストーリー,牝,4,久保田貴,61.2,45.2,29.7,14.6,16.0,15.5,15.1,14.6
美浦,20260617,水,,ロフティストーリー,牝,4,久保田貴,53.9,39.4,25.7,12.5,14.5,13.7,13.2,12.5
美浦,20260619,金,,ロフティストーリー,牝,4,久保田貴,61.6,46.0,30.2,14.7,15.6,15.8,15.5,14.7
栗東,20260616,火,,ロンポワン,牝,3,辻野泰之,63.2,45.0,28.8,14.2,18.2,16.2,14.6,14.2
栗東,20260617,水,,ロンポワン,牝,3,辻野泰之,54.4,38.6,25.3,12.6,15.8,13.3,12.7,12.6
栗東,20260619,金,,ロンポワン,牝,3,辻野泰之,61.4,44.5,29.1,14.6,16.9,15.4,14.5,14.6
栗東,20260620,土,,ロンポワン,牝,3,辻野泰之,61.2,43.9,28.5,13.8,17.3,15.4,14.7,13.8
栗東,20260616,火,,ワーズワース,牡,8,高橋一哉,69.4,51.1,33.5,16.5,18.3,17.6,17.0,16.5
栗東,20260616,火,,ワーズワース,牡,8,高橋一哉,64.2,47.0,30.9,15.1,17.2,16.1,15.8,15.1
栗東,20260617,水,,ワーズワース,牡,8,高橋一哉,68.2,50.4,32.5,15.6,17.8,17.9,16.9,15.6
栗東,20260617,水,,ワーズワース,牡,8,高橋一哉,65.2,47.7,31.1,15.1,17.5,16.6,16.0,15.1
栗東,20260618,木,,ワーズワース,牡,8,高橋一哉,52.7,38.5,25.0,12.4,14.2,13.5,12.6,12.4
栗東,20260616,火,,ワンダーシャッフル,牡,3,渡辺薫彦,64.6,46.7,30.4,15.1,17.9,16.3,15.3,15.1
栗東,20260619,金,,ワンダーシャッフル,牡,3,渡辺薫彦,66.5,48.2,31.5,15.7,18.3,16.7,15.8,15.7
